idhod,hodnota,vira_kod,uzemi_kod,sldb_rok,ukaz_txt,vira_txt,uzemi_txt
946548928,51359,1.0,500496,2021,Počet obyvatel s obvyklým pobytem,Bez náboženské víry,Olomouc
946750508,101,2.0,500496,2021,Počet obyvatel s obvyklým pobytem,Apoštolská církev,Olomouc
946616155,92,3.0,500496,2021,Počet obyvatel s obvyklým pobytem,Bratrská jednota baptistů,Olomouc
946394033,81,4.0,500496,2021,Počet obyvatel s obvyklým pobytem,Církev adventistů sedmého dne,Olomouc
946681914,119,5.0,500496,2021,Počet obyvatel s obvyklým pobytem,Církev bratrská,Olomouc
946616158,422,6.0,500496,2021,Počet obyvatel s obvyklým pobytem,Církev československá husitská,Olomouc
946481814,9,7.0,500496,2021,Počet obyvatel s obvyklým pobytem,Církev Ježíše Krista Svatých posledních dnů v České republice,Olomouc
946616153,57,8.0,500496,2021,Počet obyvatel s obvyklým pobytem,Církev řeckokatolická,Olomouc
946616151,8155,9.0,500496,2021,Počet obyvatel s obvyklým pobytem,Církev římskokatolická,Olomouc
946414356,354,10.0,500496,2021,Počet obyvatel s obvyklým pobytem,Českobratrská církev evangelická,Olomouc
946616319,11,11.0,500496,2021,Počet obyvatel s obvyklým pobytem,Evangelická církev augsburského vyznání v České republice,Olomouc
946394190,2,12.0,500496,2021,Počet obyvatel s obvyklým pobytem,Evangelická církev metodistická,Olomouc
946481815,14,13.0,500496,2021,Počet obyvatel s obvyklým pobytem,Federace židovských obcí v České republice,Olomouc
946394338,4,14.0,500496,2021,Počet obyvatel s obvyklým pobytem,Jednota bratrská,Olomouc
946616317,16,15.0,500496,2021,Počet obyvatel s obvyklým pobytem,Křesťanské sbory,Olomouc
946549082,4,16.0,500496,2021,Počet obyvatel s obvyklým pobytem,Luterská evangelická církev a. v. v České republice,Olomouc
946616470,1,17.0,500496,2021,Počet obyvatel s obvyklým pobytem,Náboženská společnost českých unitářů,Olomouc
946681915,93,18.0,500496,2021,Počet obyvatel s obvyklým pobytem,Náboženská společnost Svědkové Jehovovi,Olomouc
946750667,3,19.0,500496,2021,Počet obyvatel s obvyklým pobytem,Novoapoštolská církev v ČR,Olomouc
946548929,319,20.0,500496,2021,Počet obyvatel s obvyklým pobytem,Pravoslavná církev v českých zemích,Olomouc
946280333,21,21.0,500496,2021,Počet obyvatel s obvyklým pobytem,Slezská církev evangelická augsburského vyznání,Olomouc
946481816,6,22.0,500496,2021,Počet obyvatel s obvyklým pobytem,Starokatolická církev v ČR,Olomouc
946394499,0,23.0,500496,2021,Počet obyvatel s obvyklým pobytem,Církev sjednocení (moonisté),Olomouc
946481967,4,24.0,500496,2021,Počet obyvatel s obvyklým pobytem,Scientologická církev,Olomouc
946394034,8,25.0,500496,2021,Počet obyvatel s obvyklým pobytem,Církev Křesťanská společenství,Olomouc
946750989,0,26.0,500496,2021,Počet obyvatel s obvyklým pobytem,Anglikánská církev,Olomouc
946616159,53,27.0,500496,2021,Počet obyvatel s obvyklým pobytem,islám,Olomouc
946414359,60,28.0,500496,2021,Počet obyvatel s obvyklým pobytem,buddhismus,Olomouc
946750669,27,29.0,500496,2021,Počet obyvatel s obvyklým pobytem,hinduismus,Olomouc
946616318,3,30.0,500496,2021,Počet obyvatel s obvyklým pobytem,"Mezinárodní společnost pro vědomí Krišny, Hnutí Hare Krišna",Olomouc
946681916,284,31.0,500496,2021,Počet obyvatel s obvyklým pobytem,Jiné,Olomouc
946414360,11,32.0,500496,2021,Počet obyvatel s obvyklým pobytem,Buddhismus Diamantové cesty linie Karma Kagjü,Olomouc
946750841,0,33.0,500496,2021,Počet obyvatel s obvyklým pobytem,Církev živého Boha,Olomouc
946750840,0,34.0,500496,2021,Počet obyvatel s obvyklým pobytem,Česká hinduistická náboženská společnost,Olomouc
946394339,2,35.0,500496,2021,Počet obyvatel s obvyklým pobytem,Obec křesťanů v České republice,Olomouc
946414661,4,36.0,500496,2021,Počet obyvatel s obvyklým pobytem,"Ruská pravoslavná církev, podvorje patriarchy moskevského a celé Rusi v České republice",Olomouc
946682383,0,37.0,500496,2021,Počet obyvatel s obvyklým pobytem,Ústředí muslimských obcí,Olomouc
946549080,12,38.0,500496,2021,Počet obyvatel s obvyklým pobytem,Višva Nirmala Dharma,Olomouc
946414660,1,39.0,500496,2021,Počet obyvatel s obvyklým pobytem,Hnutí Grálu,Olomouc
946394340,1,40.0,500496,2021,Počet obyvatel s obvyklým pobytem,Hnutí Nového věku (New Age),Olomouc
946616152,1903,41.0,500496,2021,Počet obyvatel s obvyklým pobytem,katolická víra (katolík),Olomouc
946548930,178,42.0,500496,2021,Počet obyvatel s obvyklým pobytem,"protestantská/evangelická víra (protestant, evangelík)",Olomouc
946616154,588,43.0,500496,2021,Počet obyvatel s obvyklým pobytem,křesťanství,Olomouc
946280332,21,44.0,500496,2021,Počet obyvatel s obvyklým pobytem,judaismus,Olomouc
946549372,0,45.0,500496,2021,Počet obyvatel s obvyklým pobytem,esoterismus,Olomouc
946750506,11247,46.0,500496,2021,Počet obyvatel s obvyklým pobytem,věřící - nehlásící se k žádné církvi ani náboženské společnosti,Olomouc
946548931,14,47.0,500496,2021,Počet obyvatel s obvyklým pobytem,Církev Nová naděje,Olomouc
946414506,9,48.0,500496,2021,Počet obyvatel s obvyklým pobytem,Církev Slovo života,Olomouc
946414357,277,49.0,500496,2021,Počet obyvatel s obvyklým pobytem,Jedi,Olomouc
946414507,5,50.0,500496,2021,Počet obyvatel s obvyklým pobytem,ateismus,Olomouc
946616160,42,51.0,500496,2021,Počet obyvatel s obvyklým pobytem,pohanství,Olomouc
946750670,5,52.0,500496,2021,Počet obyvatel s obvyklým pobytem,Sith,Olomouc
946750668,49,53.0,500496,2021,Počet obyvatel s obvyklým pobytem,Církev víry,Olomouc
946750991,0,54.0,500496,2021,Počet obyvatel s obvyklým pobytem,Církev Svatého Řehoře Osvětitele,Olomouc
946750839,0,55.0,500496,2021,Počet obyvatel s obvyklým pobytem,Armáda spásy - církev,Olomouc
946750990,0,56.0,500496,2021,Počet obyvatel s obvyklým pobytem,Církev Nový Život,Olomouc
946280500,0,57.0,500496,2021,Počet obyvatel s obvyklým pobytem,Církev Oáza,Olomouc
946549081,10,58.0,500496,2021,Počet obyvatel s obvyklým pobytem,Společenství Josefa Zezulky,Olomouc
946750842,0,59.0,500496,2021,Počet obyvatel s obvyklým pobytem,Kněžské bratrstvo svatého Pia X.,Olomouc
946482115,0,60.0,500496,2021,Počet obyvatel s obvyklým pobytem,Théravádový buddhismus,Olomouc
946549210,2,61.0,500496,2021,Počet obyvatel s obvyklým pobytem,Společenství baptistických sborů,Olomouc
946394500,0,62.0,500496,2021,Počet obyvatel s obvyklým pobytem,Společenství buddhismu v České republice,Olomouc
946280649,0,63.0,500496,2021,Počet obyvatel s obvyklým pobytem,Křesťanská církev essejská,Olomouc
946280187,23,64.0,500496,2021,Počet obyvatel s obvyklým pobytem,pastafariánství,Olomouc
946280186,10,66.0,500496,2021,Počet obyvatel s obvyklým pobytem,satanismus,Olomouc
946280499,0,67.0,500496,2021,Počet obyvatel s obvyklým pobytem,agnosticismus,Olomouc
946280648,0,68.0,500496,2021,Počet obyvatel s obvyklým pobytem,animismus,Olomouc
946681917,3,69.0,500496,2021,Počet obyvatel s obvyklým pobytem,Bahá'í víra,Olomouc
946616617,0,70.0,500496,2021,Počet obyvatel s obvyklým pobytem,deismus,Olomouc
946750843,0,71.0,500496,2021,Počet obyvatel s obvyklým pobytem,konfucianismus,Olomouc
946280497,2,72.0,500496,2021,Počet obyvatel s obvyklým pobytem,sikhismus,Olomouc
946750838,2,73.0,500496,2021,Počet obyvatel s obvyklým pobytem,šintoismus,Olomouc
946414508,4,74.0,500496,2021,Počet obyvatel s obvyklým pobytem,taoismus,Olomouc
946750507,0,75.0,500496,2021,Počet obyvatel s obvyklým pobytem,zoroastrismus,Olomouc
946280498,3,76.0,500496,2021,Počet obyvatel s obvyklým pobytem,druidismus,Olomouc
946750837,3,77.0,500496,2021,Počet obyvatel s obvyklým pobytem,rastafariánství,Olomouc
946280182,521,78.0,500496,2021,Počet obyvatel s obvyklým pobytem,věřící - hlásící se k církvi - název neuveden,Olomouc
946414206,29429,99.0,500496,2021,Počet obyvatel s obvyklým pobytem,Neuvedeno,Olomouc
946495657,44387,1.0,544256,2021,Počet obyvatel s obvyklým pobytem,Bez náboženské víry,České Budějovice
946294328,50,2.0,544256,2021,Počet obyvatel s obvyklým pobytem,Apoštolská církev,České Budějovice
946294177,14,3.0,544256,2021,Počet obyvatel s obvyklým pobytem,Bratrská jednota baptistů,České Budějovice
946467828,71,4.0,544256,2021,Počet obyvatel s obvyklým pobytem,Církev adventistů sedmého dne,České Budějovice
946764673,97,5.0,544256,2021,Počet obyvatel s obvyklým pobytem,Církev bratrská,České Budějovice
946467827,283,6.0,544256,2021,Počet obyvatel s obvyklým pobytem,Církev československá husitská,České Budějovice
946563211,9,7.0,544256,2021,Počet obyvatel s obvyklým pobytem,Církev Ježíše Krista Svatých posledních dnů v České republice,České Budějovice
946467825,57,8.0,544256,2021,Počet obyvatel s obvyklým pobytem,Církev řeckokatolická,České Budějovice
946562915,5626,9.0,544256,2021,Počet obyvatel s obvyklým pobytem,Církev římskokatolická,České Budějovice
946467826,203,10.0,544256,2021,Počet obyvatel s obvyklým pobytem,Českobratrská církev evangelická,České Budějovice
946347586,3,11.0,544256,2021,Počet obyvatel s obvyklým pobytem,Evangelická církev augsburského vyznání v České republice,České Budějovice
946764962,10,12.0,544256,2021,Počet obyvatel s obvyklým pobytem,Evangelická církev metodistická,České Budějovice
946563212,0,13.0,544256,2021,Počet obyvatel s obvyklým pobytem,Federace židovských obcí v České republice,České Budějovice
946496080,3,14.0,544256,2021,Počet obyvatel s obvyklým pobytem,Jednota bratrská,České Budějovice
946696050,1,15.0,544256,2021,Počet obyvatel s obvyklým pobytem,Křesťanské sbory,České Budějovice
946347732,3,16.0,544256,2021,Počet obyvatel s obvyklým pobytem,Luterská evangelická církev a. v. v České republice,České Budějovice
946496081,1,17.0,544256,2021,Počet obyvatel s obvyklým pobytem,Náboženská společnost českých unitářů,České Budějovice
946563075,113,18.0,544256,2021,Počet obyvatel s obvyklým pobytem,Náboženská společnost Svědkové Jehovovi,České Budějovice
946468006,0,19.0,544256,2021,Počet obyvatel s obvyklým pobytem,Novoapoštolská církev v ČR,České Budějovice
946563074,417,20.0,544256,2021,Počet obyvatel s obvyklým pobytem,Pravoslavná církev v českých zemích,České Budějovice
946630350,2,21.0,544256,2021,Počet obyvatel s obvyklým pobytem,Slezská církev evangelická augsburského vyznání,České Budějovice
946764961,2,22.0,544256,2021,Počet obyvatel s obvyklým pobytem,Starokatolická církev v ČR,České Budějovice
946696332,0,23.0,544256,2021,Počet obyvatel s obvyklým pobytem,Církev sjednocení (moonisté),České Budějovice
946696192,7,24.0,544256,2021,Počet obyvatel s obvyklým pobytem,Scientologická církev,České Budějovice
946696048,11,25.0,544256,2021,Počet obyvatel s obvyklým pobytem,Církev Křesťanská společenství,České Budějovice
946563533,4,26.0,544256,2021,Počet obyvatel s obvyklým pobytem,Anglikánská církev,České Budějovice
946347582,56,27.0,544256,2021,Počet obyvatel s obvyklým pobytem,islám,České Budějovice
946630197,39,28.0,544256,2021,Počet obyvatel s obvyklým pobytem,buddhismus,České Budějovice
946696049,40,29.0,544256,2021,Počet obyvatel s obvyklým pobytem,hinduismus,České Budějovice
946696051,1,30.0,544256,2021,Počet obyvatel s obvyklým pobytem,"Mezinárodní společnost pro vědomí Krišny, Hnutí Hare Krišna",České Budějovice
946695908,226,31.0,544256,2021,Počet obyvatel s obvyklým pobytem,Jiné,České Budějovice
946347418,10,32.0,544256,2021,Počet obyvatel s obvyklým pobytem,Buddhismus Diamantové cesty linie Karma Kagjü,České Budějovice
946563532,0,33.0,544256,2021,Počet obyvatel s obvyklým pobytem,Církev živého Boha,České Budějovice
946468170,1,34.0,544256,2021,Počet obyvatel s obvyklým pobytem,Česká hinduistická náboženská společnost,České Budějovice
946630502,4,35.0,544256,2021,Počet obyvatel s obvyklým pobytem,Obec křesťanů v České republice,České Budějovice
946764963,5,36.0,544256,2021,Počet obyvatel s obvyklým pobytem,"Ruská pravoslavná církev, podvorje patriarchy moskevského a celé Rusi v České republice",České Budějovice
946468311,0,37.0,544256,2021,Počet obyvatel s obvyklým pobytem,Ústředí muslimských obcí,České Budějovice
946630351,1,38.0,544256,2021,Počet obyvatel s obvyklým pobytem,Višva Nirmala Dharma,České Budějovice
946294477,4,39.0,544256,2021,Počet obyvatel s obvyklým pobytem,Hnutí Grálu,České Budějovice
946468169,1,40.0,544256,2021,Počet obyvatel s obvyklým pobytem,Hnutí Nového věku (New Age),České Budějovice
946347416,1857,41.0,544256,2021,Počet obyvatel s obvyklým pobytem,katolická víra (katolík),České Budějovice
946467824,108,42.0,544256,2021,Počet obyvatel s obvyklým pobytem,"protestantská/evangelická víra (protestant, evangelík)",České Budějovice
946495794,657,43.0,544256,2021,Počet obyvatel s obvyklým pobytem,křesťanství,České Budějovice
946294329,11,44.0,544256,2021,Počet obyvatel s obvyklým pobytem,judaismus,České Budějovice
946294626,0,45.0,544256,2021,Počet obyvatel s obvyklým pobytem,esoterismus,České Budějovice
946764500,10186,46.0,544256,2021,Počet obyvatel s obvyklým pobytem,věřící - nehlásící se k žádné církvi ani náboženské společnosti,České Budějovice
946467829,0,47.0,544256,2021,Počet obyvatel s obvyklým pobytem,Církev Nová naděje,České Budějovice
946347584,0,48.0,544256,2021,Počet obyvatel s obvyklým pobytem,Církev Slovo života,České Budějovice
946347417,193,49.0,544256,2021,Počet obyvatel s obvyklým pobytem,Jedi,České Budějovice
946347585,6,50.0,544256,2021,Počet obyvatel s obvyklým pobytem,ateismus,České Budějovice
946696047,35,51.0,544256,2021,Počet obyvatel s obvyklým pobytem,pohanství,České Budějovice
946496079,7,52.0,544256,2021,Počet obyvatel s obvyklým pobytem,Sith,České Budějovice
946468007,11,53.0,544256,2021,Počet obyvatel s obvyklým pobytem,Církev víry,České Budějovice
946630664,0,54.0,544256,2021,Počet obyvatel s obvyklým pobytem,Církev Svatého Řehoře Osvětitele,České Budějovice
946496082,0,55.0,544256,2021,Počet obyvatel s obvyklým pobytem,Armáda spásy - církev,České Budějovice
946563534,0,56.0,544256,2021,Počet obyvatel s obvyklým pobytem,Církev Nový Život,České Budějovice
946630663,0,57.0,544256,2021,Počet obyvatel s obvyklým pobytem,Církev Oáza,České Budějovice
946294331,18,58.0,544256,2021,Počet obyvatel s obvyklým pobytem,Společenství Josefa Zezulky,České Budějovice
946496229,0,59.0,544256,2021,Počet obyvatel s obvyklým pobytem,Kněžské bratrstvo svatého Pia X.,České Budějovice
946496230,0,60.0,544256,2021,Počet obyvatel s obvyklým pobytem,Théravádový buddhismus,České Budějovice
946468167,0,61.0,544256,2021,Počet obyvatel s obvyklým pobytem,Společenství baptistických sborů,České Budějovice
946630201,0,62.0,544256,2021,Počet obyvatel s obvyklým pobytem,Společenství buddhismu v České republice,České Budějovice
946764678,0,63.0,544256,2021,Počet obyvatel s obvyklým pobytem,Křesťanská církev essejská,České Budějovice
946630196,39,64.0,544256,2021,Počet obyvatel s obvyklým pobytem,pastafariánství,České Budějovice
946495795,13,66.0,544256,2021,Počet obyvatel s obvyklým pobytem,satanismus,České Budějovice
946347734,0,67.0,544256,2021,Počet obyvatel s obvyklým pobytem,agnosticismus,České Budějovice
946347902,2,68.0,544256,2021,Počet obyvatel s obvyklým pobytem,animismus,České Budějovice
946347583,6,69.0,544256,2021,Počet obyvatel s obvyklým pobytem,Bahá'í víra,České Budějovice
946294625,0,70.0,544256,2021,Počet obyvatel s obvyklým pobytem,deismus,České Budějovice
946468310,0,71.0,544256,2021,Počet obyvatel s obvyklým pobytem,konfucianismus,České Budějovice
946294478,1,72.0,544256,2021,Počet obyvatel s obvyklým pobytem,sikhismus,České Budějovice
946347733,0,73.0,544256,2021,Počet obyvatel s obvyklým pobytem,šintoismus,České Budějovice
946294330,1,74.0,544256,2021,Počet obyvatel s obvyklým pobytem,taoismus,České Budějovice
946764672,0,75.0,544256,2021,Počet obyvatel s obvyklým pobytem,zoroastrismus,České Budějovice
946563372,1,76.0,544256,2021,Počet obyvatel s obvyklým pobytem,druidismus,České Budějovice
946468168,2,77.0,544256,2021,Počet obyvatel s obvyklým pobytem,rastafariánství,České Budějovice
946467671,509,78.0,544256,2021,Počet obyvatel s obvyklým pobytem,věřící - hlásící se k církvi - název neuveden,České Budějovice
946495656,30239,99.0,544256,2021,Počet obyvatel s obvyklým pobytem,Neuvedeno,České Budějovice
946499833,645956,1.0,554782,2021,Počet obyvatel s obvyklým pobytem,Bez náboženské víry,Praha
946432562,371,2.0,554782,2021,Počet obyvatel s obvyklým pobytem,Apoštolská církev,Praha
946789249,373,3.0,554782,2021,Počet obyvatel s obvyklým pobytem,Bratrská jednota baptistů,Praha
946318664,778,4.0,554782,2021,Počet obyvatel s obvyklým pobytem,Církev adventistů sedmého dne,Praha
946318665,1640,5.0,554782,2021,Počet obyvatel s obvyklým pobytem,Církev bratrská,Praha
946499835,3949,6.0,554782,2021,Počet obyvatel s obvyklým pobytem,Církev československá husitská,Praha
946432563,134,7.0,554782,2021,Počet obyvatel s obvyklým pobytem,Církev Ježíše Krista Svatých posledních dnů v České republice,Praha
946371873,3080,8.0,554782,2021,Počet obyvatel s obvyklým pobytem,Církev řeckokatolická,Praha
946654883,54863,9.0,554782,2021,Počet obyvatel s obvyklým pobytem,Církev římskokatolická,Praha
946599681,5507,10.0,554782,2021,Počet obyvatel s obvyklým pobytem,Českobratrská církev evangelická,Praha
946500972,516,11.0,554782,2021,Počet obyvatel s obvyklým pobytem,Evangelická církev augsburského vyznání v České republice,Praha
946500974,170,12.0,554782,2021,Počet obyvatel s obvyklým pobytem,Evangelická církev metodistická,Praha
946599813,259,13.0,554782,2021,Počet obyvatel s obvyklým pobytem,Federace židovských obcí v České republice,Praha
946790440,83,14.0,554782,2021,Počet obyvatel s obvyklým pobytem,Jednota bratrská,Praha
946656067,56,15.0,554782,2021,Počet obyvatel s obvyklým pobytem,Křesťanské sbory,Praha
946319629,142,16.0,554782,2021,Počet obyvatel s obvyklým pobytem,Luterská evangelická církev a. v. v České republice,Praha
946319791,71,17.0,554782,2021,Počet obyvatel s obvyklým pobytem,Náboženská společnost českých unitářů,Praha
946720443,1680,18.0,554782,2021,Počet obyvatel s obvyklým pobytem,Náboženská společnost Svědkové Jehovovi,Praha
946499975,4,19.0,554782,2021,Počet obyvatel s obvyklým pobytem,Novoapoštolská církev v ČR,Praha
946599680,14268,20.0,554782,2021,Počet obyvatel s obvyklým pobytem,Pravoslavná církev v českých zemích,Praha
946500973,95,21.0,554782,2021,Počet obyvatel s obvyklým pobytem,Slezská církev evangelická augsburského vyznání,Praha
946433557,166,22.0,554782,2021,Počet obyvatel s obvyklým pobytem,Starokatolická církev v ČR,Praha
946600987,10,23.0,554782,2021,Počet obyvatel s obvyklým pobytem,Církev sjednocení (moonisté),Praha
946433558,81,24.0,554782,2021,Počet obyvatel s obvyklým pobytem,Scientologická církev,Praha
946789404,617,25.0,554782,2021,Počet obyvatel s obvyklým pobytem,Církev Křesťanská společenství,Praha
946600986,137,26.0,554782,2021,Počet obyvatel s obvyklým pobytem,Anglikánská církev,Praha
946432561,2041,27.0,554782,2021,Počet obyvatel s obvyklým pobytem,islám,Praha
946432560,1355,28.0,554782,2021,Počet obyvatel s obvyklým pobytem,buddhismus,Praha
946500970,445,29.0,554782,2021,Počet obyvatel s obvyklým pobytem,hinduismus,Praha
946500971,64,30.0,554782,2021,Počet obyvatel s obvyklým pobytem,"Mezinárodní společnost pro vědomí Krišny, Hnutí Hare Krišna",Praha
946789403,4860,31.0,554782,2021,Počet obyvatel s obvyklým pobytem,Jiné,Praha
946720444,166,32.0,554782,2021,Počet obyvatel s obvyklým pobytem,Buddhismus Diamantové cesty linie Karma Kagjü,Praha
946373195,16,33.0,554782,2021,Počet obyvatel s obvyklým pobytem,Církev živého Boha,Praha
946656222,19,34.0,554782,2021,Počet obyvatel s obvyklým pobytem,Česká hinduistická náboženská společnost,Praha
946790441,170,35.0,554782,2021,Počet obyvatel s obvyklým pobytem,Obec křesťanů v České republice,Praha
946500975,234,36.0,554782,2021,Počet obyvatel s obvyklým pobytem,"Ruská pravoslavná církev, podvorje patriarchy moskevského a celé Rusi v České republice",Praha
946319792,42,37.0,554782,2021,Počet obyvatel s obvyklým pobytem,Ústředí muslimských obcí,Praha
946373027,15,38.0,554782,2021,Počet obyvatel s obvyklým pobytem,Višva Nirmala Dharma,Praha
946790439,15,39.0,554782,2021,Počet obyvatel s obvyklým pobytem,Hnutí Grálu,Praha
946721661,5,40.0,554782,2021,Počet obyvatel s obvyklým pobytem,Hnutí Nového věku (New Age),Praha
946432395,26458,41.0,554782,2021,Počet obyvatel s obvyklým pobytem,katolická víra (katolík),Praha
946499834,2693,42.0,554782,2021,Počet obyvatel s obvyklým pobytem,"protestantská/evangelická víra (protestant, evangelík)",Praha
946654884,7564,43.0,554782,2021,Počet obyvatel s obvyklým pobytem,křesťanství,Praha
946720445,687,44.0,554782,2021,Počet obyvatel s obvyklým pobytem,judaismus,Praha
946501285,3,45.0,554782,2021,Počet obyvatel s obvyklým pobytem,esoterismus,Praha
946789248,136397,46.0,554782,2021,Počet obyvatel s obvyklým pobytem,věřící - nehlásící se k žádné církvi ani náboženské společnosti,Praha
946720442,27,47.0,554782,2021,Počet obyvatel s obvyklým pobytem,Církev Nová naděje,Praha
946499976,34,48.0,554782,2021,Počet obyvatel s obvyklým pobytem,Církev Slovo života,Praha
946654885,5057,49.0,554782,2021,Počet obyvatel s obvyklým pobytem,Jedi,Praha
946721336,66,50.0,554782,2021,Počet obyvatel s obvyklým pobytem,ateismus,Praha
946655003,443,51.0,554782,2021,Počet obyvatel s obvyklým pobytem,pohanství,Praha
946600853,118,52.0,554782,2021,Počet obyvatel s obvyklým pobytem,Sith,Praha
946432564,36,53.0,554782,2021,Počet obyvatel s obvyklým pobytem,Církev víry,Praha
946656379,0,54.0,554782,2021,Počet obyvatel s obvyklým pobytem,Církev Svatého Řehoře Osvětitele,Praha
946656221,16,55.0,554782,2021,Počet obyvatel s obvyklým pobytem,Armáda spásy - církev,Praha
946373198,2,56.0,554782,2021,Počet obyvatel s obvyklým pobytem,Církev Nový Život,Praha
946373197,39,57.0,554782,2021,Počet obyvatel s obvyklým pobytem,Církev Oáza,Praha
946656068,179,58.0,554782,2021,Počet obyvatel s obvyklým pobytem,Společenství Josefa Zezulky,Praha
946373196,5,59.0,554782,2021,Počet obyvatel s obvyklým pobytem,Kněžské bratrstvo svatého Pia X.,Praha
946721663,20,60.0,554782,2021,Počet obyvatel s obvyklým pobytem,Théravádový buddhismus,Praha
946319630,26,61.0,554782,2021,Počet obyvatel s obvyklým pobytem,Společenství baptistických sborů,Praha
946373347,0,62.0,554782,2021,Počet obyvatel s obvyklým pobytem,Společenství buddhismu v České republice,Praha
946656380,1,63.0,554782,2021,Počet obyvatel s obvyklým pobytem,Křesťanská církev essejská,Praha
946655002,698,64.0,554782,2021,Počet obyvatel s obvyklým pobytem,pastafariánství,Praha
946789250,114,66.0,554782,2021,Počet obyvatel s obvyklým pobytem,satanismus,Praha
946501138,28,67.0,554782,2021,Počet obyvatel s obvyklým pobytem,agnosticismus,Praha
946319793,7,68.0,554782,2021,Počet obyvatel s obvyklým pobytem,animismus,Praha
946318666,21,69.0,554782,2021,Počet obyvatel s obvyklým pobytem,Bahá'í víra,Praha
946790592,5,70.0,554782,2021,Počet obyvatel s obvyklým pobytem,deismus,Praha
946721662,2,71.0,554782,2021,Počet obyvatel s obvyklým pobytem,konfucianismus,Praha
946656220,43,72.0,554782,2021,Počet obyvatel s obvyklým pobytem,sikhismus,Praha
946373194,30,73.0,554782,2021,Počet obyvatel s obvyklým pobytem,šintoismus,Praha
946721511,36,74.0,554782,2021,Počet obyvatel s obvyklým pobytem,taoismus,Praha
946720287,23,75.0,554782,2021,Počet obyvatel s obvyklým pobytem,zoroastrismus,Praha
946600985,49,76.0,554782,2021,Počet obyvatel s obvyklým pobytem,druidismus,Praha
946319631,38,77.0,554782,2021,Počet obyvatel s obvyklým pobytem,rastafariánství,Praha
946720286,7630,78.0,554782,2021,Počet obyvatel s obvyklým pobytem,věřící - hlásící se k církvi - název neuveden,Praha
946318492,368384,99.0,554782,2021,Počet obyvatel s obvyklým pobytem,Neuvedeno,Praha
946656381,90276,1.0,554791,2021,Počet obyvatel s obvyklým pobytem,Bez náboženské víry,Plzeň
946721960,35,2.0,554791,2021,Počet obyvatel s obvyklým pobytem,Apoštolská církev,Plzeň
946373351,45,3.0,554791,2021,Počet obyvatel s obvyklým pobytem,Bratrská jednota baptistů,Plzeň
946320082,102,4.0,554791,2021,Počet obyvatel s obvyklým pobytem,Církev adventistů sedmého dne,Plzeň
946656515,144,5.0,554791,2021,Počet obyvatel s obvyklým pobytem,Církev bratrská,Plzeň
946433909,236,6.0,554791,2021,Počet obyvatel s obvyklým pobytem,Církev československá husitská,Plzeň
946601301,16,7.0,554791,2021,Počet obyvatel s obvyklým pobytem,Církev Ježíše Krista Svatých posledních dnů v České republice,Plzeň
946319937,263,8.0,554791,2021,Počet obyvatel s obvyklým pobytem,Církev řeckokatolická,Plzeň
946790754,6016,9.0,554791,2021,Počet obyvatel s obvyklým pobytem,Církev římskokatolická,Plzeň
946373349,367,10.0,554791,2021,Počet obyvatel s obvyklým pobytem,Českobratrská církev evangelická,Plzeň
946501590,21,11.0,554791,2021,Počet obyvatel s obvyklým pobytem,Evangelická církev augsburského vyznání v České republice,Plzeň
946434232,154,12.0,554791,2021,Počet obyvatel s obvyklým pobytem,Evangelická církev metodistická,Plzeň
946501435,6,13.0,554791,2021,Počet obyvatel s obvyklým pobytem,Federace židovských obcí v České republice,Plzeň
946320241,5,14.0,554791,2021,Počet obyvatel s obvyklým pobytem,Jednota bratrská,Plzeň
946501589,6,15.0,554791,2021,Počet obyvatel s obvyklým pobytem,Křesťanské sbory,Plzeň
946434231,21,16.0,554791,2021,Počet obyvatel s obvyklým pobytem,Luterská evangelická církev a. v. v České republice,Plzeň
946722111,14,17.0,554791,2021,Počet obyvatel s obvyklým pobytem,Náboženská společnost českých unitářů,Plzeň
946790917,269,18.0,554791,2021,Počet obyvatel s obvyklým pobytem,Náboženská společnost Svědkové Jehovovi,Plzeň
946373502,0,19.0,554791,2021,Počet obyvatel s obvyklým pobytem,Novoapoštolská církev v ČR,Plzeň
946790755,1193,20.0,554791,2021,Počet obyvatel s obvyklým pobytem,Pravoslavná církev v českých zemích,Plzeň
946501591,1,21.0,554791,2021,Počet obyvatel s obvyklým pobytem,Slezská církev evangelická augsburského vyznání,Plzeň
946434230,2,22.0,554791,2021,Počet obyvatel s obvyklým pobytem,Starokatolická církev v ČR,Plzeň
946373807,2,23.0,554791,2021,Počet obyvatel s obvyklým pobytem,Církev sjednocení (moonisté),Plzeň
946501592,25,24.0,554791,2021,Počet obyvatel s obvyklým pobytem,Scientologická církev,Plzeň
946434068,75,25.0,554791,2021,Počet obyvatel s obvyklým pobytem,Církev Křesťanská společenství,Plzeň
946656792,4,26.0,554791,2021,Počet obyvatel s obvyklým pobytem,Anglikánská církev,Plzeň
946790918,67,27.0,554791,2021,Počet obyvatel s obvyklým pobytem,islám,Plzeň
946721959,132,28.0,554791,2021,Počet obyvatel s obvyklým pobytem,buddhismus,Plzeň
946601459,19,29.0,554791,2021,Počet obyvatel s obvyklým pobytem,hinduismus,Plzeň
946373644,1,30.0,554791,2021,Počet obyvatel s obvyklým pobytem,"Mezinárodní společnost pro vědomí Krišny, Hnutí Hare Krišna",Plzeň
946373500,419,31.0,554791,2021,Počet obyvatel s obvyklým pobytem,Jiné,Plzeň
946501434,16,32.0,554791,2021,Počet obyvatel s obvyklým pobytem,Buddhismus Diamantové cesty linie Karma Kagjü,Plzeň
946601640,0,33.0,554791,2021,Počet obyvatel s obvyklým pobytem,Církev živého Boha,Plzeň
946434395,0,34.0,554791,2021,Počet obyvatel s obvyklým pobytem,Česká hinduistická náboženská společnost,Plzeň
946501593,2,35.0,554791,2021,Počet obyvatel s obvyklým pobytem,Obec křesťanů v České republice,Plzeň
946791234,15,36.0,554791,2021,Počet obyvatel s obvyklým pobytem,"Ruská pravoslavná církev, podvorje patriarchy moskevského a celé Rusi v České republice",Plzeň
946501756,0,37.0,554791,2021,Počet obyvatel s obvyklým pobytem,Ústředí muslimských obcí,Plzeň
946791071,0,38.0,554791,2021,Počet obyvatel s obvyklým pobytem,Višva Nirmala Dharma,Plzeň
946434234,0,39.0,554791,2021,Počet obyvatel s obvyklým pobytem,Hnutí Grálu,Plzeň
946791075,0,40.0,554791,2021,Počet obyvatel s obvyklým pobytem,Hnutí Nového věku (New Age),Plzeň
946373348,2413,41.0,554791,2021,Počet obyvatel s obvyklým pobytem,katolická víra (katolík),Plzeň
946319936,233,42.0,554791,2021,Počet obyvatel s obvyklým pobytem,"protestantská/evangelická víra (protestant, evangelík)",Plzeň
946373350,881,43.0,554791,2021,Počet obyvatel s obvyklým pobytem,křesťanství,Plzeň
946721961,28,44.0,554791,2021,Počet obyvatel s obvyklým pobytem,judaismus,Plzeň
946791238,0,45.0,554791,2021,Počet obyvatel s obvyklým pobytem,esoterismus,Plzeň
946601140,15309,46.0,554791,2021,Počet obyvatel s obvyklým pobytem,věřící - nehlásící se k žádné církvi ani náboženské společnosti,Plzeň
946373499,0,47.0,554791,2021,Počet obyvatel s obvyklým pobytem,Církev Nová naděje,Plzeň
946656516,0,48.0,554791,2021,Počet obyvatel s obvyklým pobytem,Církev Slovo života,Plzeň
946721788,498,49.0,554791,2021,Počet obyvatel s obvyklým pobytem,Jedi,Plzeň
946601458,14,50.0,554791,2021,Počet obyvatel s obvyklým pobytem,ateismus,Plzeň
946320083,56,51.0,554791,2021,Počet obyvatel s obvyklým pobytem,pohanství,Plzeň
946434233,15,52.0,554791,2021,Počet obyvatel s obvyklým pobytem,Sith,Plzeň
946434228,15,53.0,554791,2021,Počet obyvatel s obvyklým pobytem,Církev víry,Plzeň
946791237,0,54.0,554791,2021,Počet obyvatel s obvyklým pobytem,Církev Svatého Řehoře Osvětitele,Plzeň
946601639,0,55.0,554791,2021,Počet obyvatel s obvyklým pobytem,Armáda spásy - církev,Plzeň
946501757,0,56.0,554791,2021,Počet obyvatel s obvyklým pobytem,Církev Nový Život,Plzeň
946656790,0,57.0,554791,2021,Počet obyvatel s obvyklým pobytem,Církev Oáza,Plzeň
946373645,37,58.0,554791,2021,Počet obyvatel s obvyklým pobytem,Společenství Josefa Zezulky,Plzeň
946791236,1,59.0,554791,2021,Počet obyvatel s obvyklým pobytem,Kněžské bratrstvo svatého Pia X.,Plzeň
946722256,0,60.0,554791,2021,Počet obyvatel s obvyklým pobytem,Théravádový buddhismus,Plzeň
946722109,0,61.0,554791,2021,Počet obyvatel s obvyklým pobytem,Společenství baptistických sborů,Plzeň
946320376,0,62.0,554791,2021,Počet obyvatel s obvyklým pobytem,Společenství buddhismu v České republice,Plzeň
946373808,0,63.0,554791,2021,Počet obyvatel s obvyklým pobytem,Křesťanská církev essejská,Plzeň
946501433,72,64.0,554791,2021,Počet obyvatel s obvyklým pobytem,pastafariánství,Plzeň
946373498,29,66.0,554791,2021,Počet obyvatel s obvyklým pobytem,satanismus,Plzeň
946501755,2,67.0,554791,2021,Počet obyvatel s obvyklým pobytem,agnosticismus,Plzeň
946722257,0,68.0,554791,2021,Počet obyvatel s obvyklým pobytem,animismus,Plzeň
946373501,1,69.0,554791,2021,Počet obyvatel s obvyklým pobytem,Bahá'í víra,Plzeň
946501758,0,70.0,554791,2021,Počet obyvatel s obvyklým pobytem,deismus,Plzeň
946656791,2,71.0,554791,2021,Počet obyvatel s obvyklým pobytem,konfucianismus,Plzeň
946791235,3,72.0,554791,2021,Počet obyvatel s obvyklým pobytem,sikhismus,Plzeň
946501598,1,73.0,554791,2021,Počet obyvatel s obvyklým pobytem,šintoismus,Plzeň
946434229,2,74.0,554791,2021,Počet obyvatel s obvyklým pobytem,taoismus,Plzeň
946433908,2,75.0,554791,2021,Počet obyvatel s obvyklým pobytem,zoroastrismus,Plzeň
946501597,4,76.0,554791,2021,Počet obyvatel s obvyklým pobytem,druidismus,Plzeň
946656785,5,77.0,554791,2021,Počet obyvatel s obvyklým pobytem,rastafariánství,Plzeň
946319935,918,78.0,554791,2021,Počet obyvatel s obvyklým pobytem,věřící - hlásící se k církvi - název neuveden,Plzeň
946601139,53497,99.0,554791,2021,Počet obyvatel s obvyklým pobytem,Neuvedeno,Plzeň
946601797,51666,1.0,554804,2021,Počet obyvatel s obvyklým pobytem,Bez náboženské víry,Ústí nad Labem
946599484,69,2.0,554804,2021,Počet obyvatel s obvyklým pobytem,Apoštolská církev,Ústí nad Labem
946434559,4,3.0,554804,2021,Počet obyvatel s obvyklým pobytem,Bratrská jednota baptistů,Ústí nad Labem
946320530,28,4.0,554804,2021,Počet obyvatel s obvyklým pobytem,Církev adventistů sedmého dne,Ústí nad Labem
946656952,99,5.0,554804,2021,Počet obyvatel s obvyklým pobytem,Církev bratrská,Ústí nad Labem
946434560,72,6.0,554804,2021,Počet obyvatel s obvyklým pobytem,Církev československá husitská,Ústí nad Labem
946599485,5,7.0,554804,2021,Počet obyvatel s obvyklým pobytem,Církev Ježíše Krista Svatých posledních dnů v České republice,Ústí nad Labem
946501893,54,8.0,554804,2021,Počet obyvatel s obvyklým pobytem,Církev řeckokatolická,Ústí nad Labem
946320377,1538,9.0,554804,2021,Počet obyvatel s obvyklým pobytem,Církev římskokatolická,Ústí nad Labem
946601798,90,10.0,554804,2021,Počet obyvatel s obvyklým pobytem,Českobratrská církev evangelická,Ústí nad Labem
946318295,7,11.0,554804,2021,Počet obyvatel s obvyklým pobytem,Evangelická církev augsburského vyznání v České republice,Ústí nad Labem
946654835,2,12.0,554804,2021,Počet obyvatel s obvyklým pobytem,Evangelická církev metodistická,Ústí nad Labem
946720086,1,13.0,554804,2021,Počet obyvatel s obvyklým pobytem,Federace židovských obcí v České republice,Ústí nad Labem
946499779,0,14.0,554804,2021,Počet obyvatel s obvyklým pobytem,Jednota bratrská,Ústí nad Labem
946318294,1,15.0,554804,2021,Počet obyvatel s obvyklým pobytem,Křesťanské sbory,Ústí nad Labem
946654834,2,16.0,554804,2021,Počet obyvatel s obvyklým pobytem,Luterská evangelická církev a. v. v České republice,Ústí nad Labem
946432505,0,17.0,554804,2021,Počet obyvatel s obvyklým pobytem,Náboženská společnost českých unitářů,Ústí nad Labem
946791392,114,18.0,554804,2021,Počet obyvatel s obvyklým pobytem,Náboženská společnost Svědkové Jehovovi,Ústí nad Labem
946654662,0,19.0,554804,2021,Počet obyvatel s obvyklým pobytem,Novoapoštolská církev v ČR,Ústí nad Labem
946722380,382,20.0,554804,2021,Počet obyvatel s obvyklým pobytem,Pravoslavná církev v českých zemích,Ústí nad Labem
946720229,1,21.0,554804,2021,Počet obyvatel s obvyklým pobytem,Slezská církev evangelická augsburského vyznání,Ústí nad Labem
946599636,2,22.0,554804,2021,Počet obyvatel s obvyklým pobytem,Starokatolická církev v ČR,Ústí nad Labem
946789353,0,23.0,554804,2021,Počet obyvatel s obvyklým pobytem,Církev sjednocení (moonisté),Ústí nad Labem
946371819,3,24.0,554804,2021,Počet obyvatel s obvyklým pobytem,Scientologická církev,Ústí nad Labem
946371653,2,25.0,554804,2021,Počet obyvatel s obvyklým pobytem,Církev Křesťanská společenství,Ústí nad Labem
946432506,0,26.0,554804,2021,Počet obyvatel s obvyklým pobytem,Anglikánská církev,Ústí nad Labem
946318291,40,27.0,554804,2021,Počet obyvatel s obvyklým pobytem,islám,Ústí nad Labem
946599483,45,28.0,554804,2021,Počet obyvatel s obvyklým pobytem,buddhismus,Ústí nad Labem
946654663,28,29.0,554804,2021,Počet obyvatel s obvyklým pobytem,hinduismus,Ústí nad Labem
946432207,3,30.0,554804,2021,Počet obyvatel s obvyklým pobytem,"Mezinárodní společnost pro vědomí Krišny, Hnutí Hare Krišna",Ústí nad Labem
946599482,156,31.0,554804,2021,Počet obyvatel s obvyklým pobytem,Jiné,Ústí nad Labem
946371652,5,32.0,554804,2021,Počet obyvatel s obvyklým pobytem,Buddhismus Diamantové cesty linie Karma Kagjü,Ústí nad Labem
946599764,1,33.0,554804,2021,Počet obyvatel s obvyklým pobytem,Církev živého Boha,Ústí nad Labem
946789351,1,34.0,554804,2021,Počet obyvatel s obvyklým pobytem,Česká hinduistická náboženská společnost,Ústí nad Labem
946432343,2,35.0,554804,2021,Počet obyvatel s obvyklým pobytem,Obec křesťanů v České republice,Ústí nad Labem
946720230,7,36.0,554804,2021,Počet obyvatel s obvyklým pobytem,"Ruská pravoslavná církev, podvorje patriarchy moskevského a celé Rusi v České republice",Ústí nad Labem
946789352,0,37.0,554804,2021,Počet obyvatel s obvyklým pobytem,Ústředí muslimských obcí,Ústí nad Labem
946499778,0,38.0,554804,2021,Počet obyvatel s obvyklým pobytem,Višva Nirmala Dharma,Ústí nad Labem
946654836,0,39.0,554804,2021,Počet obyvatel s obvyklým pobytem,Hnutí Grálu,Ústí nad Labem
946318438,0,40.0,554804,2021,Počet obyvatel s obvyklým pobytem,Hnutí Nového věku (New Age),Ústí nad Labem
946434556,1021,41.0,554804,2021,Počet obyvatel s obvyklým pobytem,katolická víra (katolík),Ústí nad Labem
946320529,96,42.0,554804,2021,Počet obyvatel s obvyklým pobytem,"protestantská/evangelická víra (protestant, evangelík)",Ústí nad Labem
946501894,337,43.0,554804,2021,Počet obyvatel s obvyklým pobytem,křesťanství,Ústí nad Labem
946371654,8,44.0,554804,2021,Počet obyvatel s obvyklým pobytem,judaismus,Ústí nad Labem
946499924,0,45.0,554804,2021,Počet obyvatel s obvyklým pobytem,esoterismus,Ústí nad Labem
946656950,5975,46.0,554804,2021,Počet obyvatel s obvyklým pobytem,věřící - nehlásící se k žádné církvi ani náboženské společnosti,Ústí nad Labem
946791391,0,47.0,554804,2021,Počet obyvatel s obvyklým pobytem,Církev Nová naděje,Ústí nad Labem
946432206,0,48.0,554804,2021,Počet obyvatel s obvyklým pobytem,Církev Slovo života,Ústí nad Labem
946434558,160,49.0,554804,2021,Počet obyvatel s obvyklým pobytem,Jedi,Ústí nad Labem
946789023,3,50.0,554804,2021,Počet obyvatel s obvyklým pobytem,ateismus,Ústí nad Labem
946499614,13,51.0,554804,2021,Počet obyvatel s obvyklým pobytem,pohanství,Ústí nad Labem
946599637,10,52.0,554804,2021,Počet obyvatel s obvyklým pobytem,Sith,Ústí nad Labem
946318293,12,53.0,554804,2021,Počet obyvatel s obvyklým pobytem,Církev víry,Ústí nad Labem
946318613,2,54.0,554804,2021,Počet obyvatel s obvyklým pobytem,Církev Svatého Řehoře Osvětitele,Ústí nad Labem
946371978,0,55.0,554804,2021,Počet obyvatel s obvyklým pobytem,Armáda spásy - církev,Ústí nad Labem
946789354,20,56.0,554804,2021,Počet obyvatel s obvyklým pobytem,Církev Nový Život,Ústí nad Labem
946499922,5,57.0,554804,2021,Počet obyvatel s obvyklým pobytem,Církev Oáza,Ústí nad Labem
946371818,2,58.0,554804,2021,Počet obyvatel s obvyklým pobytem,Společenství Josefa Zezulky,Ústí nad Labem
946654961,0,59.0,554804,2021,Počet obyvatel s obvyklým pobytem,Kněžské bratrstvo svatého Pia X.,Ústí nad Labem
946432507,0,60.0,554804,2021,Počet obyvatel s obvyklým pobytem,Théravádový buddhismus,Ústí nad Labem
946599638,0,61.0,554804,2021,Počet obyvatel s obvyklým pobytem,Společenství baptistických sborů,Ústí nad Labem
946720381,0,62.0,554804,2021,Počet obyvatel s obvyklým pobytem,Společenství buddhismu v České republice,Ústí nad Labem
946654963,0,63.0,554804,2021,Počet obyvatel s obvyklým pobytem,Křesťanská církev essejská,Ústí nad Labem
946318290,21,64.0,554804,2021,Počet obyvatel s obvyklým pobytem,pastafariánství,Ústí nad Labem
946656951,9,66.0,554804,2021,Počet obyvatel s obvyklým pobytem,satanismus,Ústí nad Labem
946654960,0,67.0,554804,2021,Počet obyvatel s obvyklým pobytem,agnosticismus,Ústí nad Labem
946654962,0,68.0,554804,2021,Počet obyvatel s obvyklým pobytem,animismus,Ústí nad Labem
946318292,1,69.0,554804,2021,Počet obyvatel s obvyklým pobytem,Bahá'í víra,Ústí nad Labem
946432508,0,70.0,554804,2021,Počet obyvatel s obvyklým pobytem,deismus,Ústí nad Labem
946499923,0,71.0,554804,2021,Počet obyvatel s obvyklým pobytem,konfucianismus,Ústí nad Labem
946499781,0,72.0,554804,2021,Počet obyvatel s obvyklým pobytem,sikhismus,Ústí nad Labem
946318437,1,73.0,554804,2021,Počet obyvatel s obvyklým pobytem,šintoismus,Ústí nad Labem
946432342,0,74.0,554804,2021,Počet obyvatel s obvyklým pobytem,taoismus,Ústí nad Labem
946434557,0,75.0,554804,2021,Počet obyvatel s obvyklým pobytem,zoroastrismus,Ústí nad Labem
946499782,5,76.0,554804,2021,Počet obyvatel s obvyklým pobytem,druidismus,Ústí nad Labem
946499780,1,77.0,554804,2021,Počet obyvatel s obvyklým pobytem,rastafariánství,Ústí nad Labem
946791390,265,78.0,554804,2021,Počet obyvatel s obvyklým pobytem,věřící - hlásící se k církvi - název neuveden,Ústí nad Labem
946601641,27316,99.0,554804,2021,Počet obyvatel s obvyklým pobytem,Neuvedeno,Ústí nad Labem
946600402,135344,1.0,554821,2021,Počet obyvatel s obvyklým pobytem,Bez náboženské víry,Ostrava
946721175,90,2.0,554821,2021,Počet obyvatel s obvyklým pobytem,Apoštolská církev,Ostrava
946655756,58,3.0,554821,2021,Počet obyvatel s obvyklým pobytem,Bratrská jednota baptistů,Ostrava
946319341,289,4.0,554821,2021,Počet obyvatel s obvyklým pobytem,Církev adventistů sedmého dne,Ostrava
946655758,259,5.0,554821,2021,Počet obyvatel s obvyklým pobytem,Církev bratrská,Ostrava
946655757,868,6.0,554821,2021,Počet obyvatel s obvyklým pobytem,Církev československá husitská,Ostrava
946655763,23,7.0,554821,2021,Počet obyvatel s obvyklým pobytem,Církev Ježíše Krista Svatých posledních dnů v České republice,Ostrava
946655755,127,8.0,554821,2021,Počet obyvatel s obvyklým pobytem,Církev řeckokatolická,Ostrava
946372569,15248,9.0,554821,2021,Počet obyvatel s obvyklým pobytem,Církev římskokatolická,Ostrava
946433258,419,10.0,554821,2021,Počet obyvatel s obvyklým pobytem,Českobratrská církev evangelická,Ostrava
946790296,51,11.0,554821,2021,Počet obyvatel s obvyklým pobytem,Evangelická církev augsburského vyznání v České republice,Ostrava
946600699,3,12.0,554821,2021,Počet obyvatel s obvyklým pobytem,Evangelická církev metodistická,Ostrava
946319347,3,13.0,554821,2021,Počet obyvatel s obvyklým pobytem,Federace židovských obcí v České republice,Ostrava
946500832,23,14.0,554821,2021,Počet obyvatel s obvyklým pobytem,Jednota bratrská,Ostrava
946655920,121,15.0,554821,2021,Počet obyvatel s obvyklým pobytem,Křesťanské sbory,Ostrava
946319495,20,16.0,554821,2021,Počet obyvatel s obvyklým pobytem,Luterská evangelická církev a. v. v České republice,Ostrava
946656077,2,17.0,554821,2021,Počet obyvatel s obvyklým pobytem,Náboženská společnost českých unitářů,Ostrava
946372733,668,18.0,554821,2021,Počet obyvatel s obvyklým pobytem,Náboženská společnost Svědkové Jehovovi,Ostrava
946372736,3,19.0,554821,2021,Počet obyvatel s obvyklým pobytem,Novoapoštolská církev v ČR,Ostrava
946372570,419,20.0,554821,2021,Počet obyvatel s obvyklým pobytem,Pravoslavná církev v českých zemích,Ostrava
946372910,138,21.0,554821,2021,Počet obyvatel s obvyklým pobytem,Slezská církev evangelická augsburského vyznání,Ostrava
946790298,4,22.0,554821,2021,Počet obyvatel s obvyklým pobytem,Starokatolická církev v ČR,Ostrava
946500985,0,23.0,554821,2021,Počet obyvatel s obvyklým pobytem,Církev sjednocení (moonisté),Ostrava
946500831,4,24.0,554821,2021,Počet obyvatel s obvyklým pobytem,Scientologická církev,Ostrava
946655762,81,25.0,554821,2021,Počet obyvatel s obvyklým pobytem,Církev Křesťanská společenství,Ostrava
946656078,4,26.0,554821,2021,Počet obyvatel s obvyklým pobytem,Anglikánská církev,Ostrava
946500711,102,27.0,554821,2021,Počet obyvatel s obvyklým pobytem,islám,Ostrava
946433260,158,28.0,554821,2021,Počet obyvatel s obvyklým pobytem,buddhismus,Ostrava
946655919,33,29.0,554821,2021,Počet obyvatel s obvyklým pobytem,hinduismus,Ostrava
946790295,10,30.0,554821,2021,Počet obyvatel s obvyklým pobytem,"Mezinárodní společnost pro vědomí Krišny, Hnutí Hare Krišna",Ostrava
946500708,639,31.0,554821,2021,Počet obyvatel s obvyklým pobytem,Jiné,Ostrava
946500710,15,32.0,554821,2021,Počet obyvatel s obvyklým pobytem,Buddhismus Diamantové cesty linie Karma Kagjü,Ostrava
946319641,6,33.0,554821,2021,Počet obyvatel s obvyklým pobytem,Církev živého Boha,Ostrava
946790455,6,34.0,554821,2021,Počet obyvatel s obvyklým pobytem,Česká hinduistická náboženská společnost,Ostrava
946433412,6,35.0,554821,2021,Počet obyvatel s obvyklým pobytem,Obec křesťanů v České republice,Ostrava
946500983,2,36.0,554821,2021,Počet obyvatel s obvyklým pobytem,"Ruská pravoslavná církev, podvorje patriarchy moskevského a celé Rusi v České republice",Ostrava
946373040,1,37.0,554821,2021,Počet obyvatel s obvyklým pobytem,Ústředí muslimských obcí,Ostrava
946790297,3,38.0,554821,2021,Počet obyvatel s obvyklým pobytem,Višva Nirmala Dharma,Ostrava
946721343,5,39.0,554821,2021,Počet obyvatel s obvyklým pobytem,Hnutí Grálu,Ostrava
946721516,0,40.0,554821,2021,Počet obyvatel s obvyklým pobytem,Hnutí Nového věku (New Age),Ostrava
946721022,6594,41.0,554821,2021,Počet obyvatel s obvyklým pobytem,katolická víra (katolík),Ostrava
946655754,567,42.0,554821,2021,Počet obyvatel s obvyklým pobytem,"protestantská/evangelická víra (protestant, evangelík)",Ostrava
946500707,2113,43.0,554821,2021,Počet obyvatel s obvyklým pobytem,křesťanství,Ostrava
946372737,18,44.0,554821,2021,Počet obyvatel s obvyklým pobytem,judaismus,Ostrava
946373209,0,45.0,554821,2021,Počet obyvatel s obvyklým pobytem,esoterismus,Ostrava
946721021,27037,46.0,554821,2021,Počet obyvatel s obvyklým pobytem,věřící - nehlásící se k žádné církvi ani náboženské společnosti,Ostrava
946721172,39,47.0,554821,2021,Počet obyvatel s obvyklým pobytem,Církev Nová naděje,Ostrava
946433261,2,48.0,554821,2021,Počet obyvatel s obvyklým pobytem,Církev Slovo života,Ostrava
946372732,616,49.0,554821,2021,Počet obyvatel s obvyklým pobytem,Jedi,Ostrava
946319494,19,50.0,554821,2021,Počet obyvatel s obvyklým pobytem,ateismus,Ostrava
946655761,66,51.0,554821,2021,Počet obyvatel s obvyklým pobytem,pohanství,Ostrava
946500830,16,52.0,554821,2021,Počet obyvatel s obvyklým pobytem,Sith,Ostrava
946319493,32,53.0,554821,2021,Počet obyvatel s obvyklým pobytem,Církev víry,Ostrava
946600993,0,54.0,554821,2021,Počet obyvatel s obvyklým pobytem,Církev Svatého Řehoře Osvětitele,Ostrava
946319640,18,55.0,554821,2021,Počet obyvatel s obvyklým pobytem,Armáda spásy - církev,Ostrava
946433568,0,56.0,554821,2021,Počet obyvatel s obvyklým pobytem,Církev Nový Život,Ostrava
946600856,1,57.0,554821,2021,Počet obyvatel s obvyklým pobytem,Církev Oáza,Ostrava
946433411,27,58.0,554821,2021,Počet obyvatel s obvyklým pobytem,Společenství Josefa Zezulky,Ostrava
946500984,10,59.0,554821,2021,Počet obyvatel s obvyklým pobytem,Kněžské bratrstvo svatého Pia X.,Ostrava
946600857,4,60.0,554821,2021,Počet obyvatel s obvyklým pobytem,Théravádový buddhismus,Ostrava
946655921,0,61.0,554821,2021,Počet obyvatel s obvyklým pobytem,Společenství baptistických sborů,Ostrava
946600994,0,62.0,554821,2021,Počet obyvatel s obvyklým pobytem,Společenství buddhismu v České republice,Ostrava
946433737,0,63.0,554821,2021,Počet obyvatel s obvyklým pobytem,Křesťanská církev essejská,Ostrava
946655760,78,64.0,554821,2021,Počet obyvatel s obvyklým pobytem,pastafariánství,Ostrava
946790134,31,66.0,554821,2021,Počet obyvatel s obvyklým pobytem,satanismus,Ostrava
946373039,4,67.0,554821,2021,Počet obyvatel s obvyklým pobytem,agnosticismus,Ostrava
946600992,0,68.0,554821,2021,Počet obyvatel s obvyklým pobytem,animismus,Ostrava
946319346,6,69.0,554821,2021,Počet obyvatel s obvyklým pobytem,Bahá'í víra,Ostrava
946501149,0,70.0,554821,2021,Počet obyvatel s obvyklým pobytem,deismus,Ostrava
946790456,1,71.0,554821,2021,Počet obyvatel s obvyklým pobytem,konfucianismus,Ostrava
946373037,1,72.0,554821,2021,Počet obyvatel s obvyklým pobytem,sikhismus,Ostrava
946433567,3,73.0,554821,2021,Počet obyvatel s obvyklým pobytem,šintoismus,Ostrava
946433410,3,74.0,554821,2021,Počet obyvatel s obvyklým pobytem,taoismus,Ostrava
946600544,2,75.0,554821,2021,Počet obyvatel s obvyklým pobytem,zoroastrismus,Ostrava
946373038,4,76.0,554821,2021,Počet obyvatel s obvyklým pobytem,druidismus,Ostrava
946790454,4,77.0,554821,2021,Počet obyvatel s obvyklým pobytem,rastafariánství,Ostrava
946500563,1540,78.0,554821,2021,Počet obyvatel s obvyklým pobytem,věřící - hlásící se k církvi - název neuveden,Ostrava
946372568,88339,99.0,554821,2021,Počet obyvatel s obvyklým pobytem,Neuvedeno,Ostrava
946319063,23053,1.0,554961,2021,Počet obyvatel s obvyklým pobytem,Bez náboženské víry,Karlovy Vary
946373231,6,2.0,554961,2021,Počet obyvatel s obvyklým pobytem,Apoštolská církev,Karlovy Vary
946373064,35,3.0,554961,2021,Počet obyvatel s obvyklým pobytem,Bratrská jednota baptistů,Karlovy Vary
946501015,33,4.0,554961,2021,Počet obyvatel s obvyklým pobytem,Církev adventistů sedmého dne,Karlovy Vary
946373065,40,5.0,554961,2021,Počet obyvatel s obvyklým pobytem,Církev bratrská,Karlovy Vary
946790484,68,6.0,554961,2021,Počet obyvatel s obvyklým pobytem,Církev československá husitská,Karlovy Vary
946601021,0,7.0,554961,2021,Počet obyvatel s obvyklým pobytem,Církev Ježíše Krista Svatých posledních dnů v České republice,Karlovy Vary
946656100,147,8.0,554961,2021,Počet obyvatel s obvyklým pobytem,Církev řeckokatolická,Karlovy Vary
946500448,1182,9.0,554961,2021,Počet obyvatel s obvyklým pobytem,Církev římskokatolická,Karlovy Vary
946319664,95,10.0,554961,2021,Počet obyvatel s obvyklým pobytem,Českobratrská církev evangelická,Karlovy Vary
946601023,3,11.0,554961,2021,Počet obyvatel s obvyklým pobytem,Evangelická církev augsburského vyznání v České republice,Karlovy Vary
946721822,2,12.0,554961,2021,Počet obyvatel s obvyklým pobytem,Evangelická církev metodistická,Karlovy Vary
946721687,11,13.0,554961,2021,Počet obyvatel s obvyklým pobytem,Federace židovských obcí v České republice,Karlovy Vary
946790792,3,14.0,554961,2021,Počet obyvatel s obvyklým pobytem,Jednota bratrská,Karlovy Vary
946433775,4,15.0,554961,2021,Počet obyvatel s obvyklým pobytem,Křesťanské sbory,Karlovy Vary
946721821,1,16.0,554961,2021,Počet obyvatel s obvyklým pobytem,Luterská evangelická církev a. v. v České republice,Karlovy Vary
946656403,1,17.0,554961,2021,Počet obyvatel s obvyklým pobytem,Náboženská společnost českých unitářů,Karlovy Vary
946721542,162,18.0,554961,2021,Počet obyvatel s obvyklým pobytem,Náboženská společnost Svědkové Jehovovi,Karlovy Vary
946501175,0,19.0,554961,2021,Počet obyvatel s obvyklým pobytem,Novoapoštolská církev v ČR,Karlovy Vary
946432993,493,20.0,554961,2021,Počet obyvatel s obvyklým pobytem,Pravoslavná církev v českých zemích,Karlovy Vary
946601024,1,21.0,554961,2021,Počet obyvatel s obvyklým pobytem,Slezská církev evangelická augsburského vyznání,Karlovy Vary
946433943,0,22.0,554961,2021,Počet obyvatel s obvyklým pobytem,Starokatolická církev v ČR,Karlovy Vary
946320114,0,23.0,554961,2021,Počet obyvatel s obvyklým pobytem,Církev sjednocení (moonisté),Karlovy Vary
946501318,1,24.0,554961,2021,Počet obyvatel s obvyklým pobytem,Scientologická církev,Karlovy Vary
946319820,4,25.0,554961,2021,Počet obyvatel s obvyklým pobytem,Církev Křesťanská společenství,Karlovy Vary
946721985,2,26.0,554961,2021,Počet obyvatel s obvyklým pobytem,Anglikánská církev,Karlovy Vary
946721686,82,27.0,554961,2021,Počet obyvatel s obvyklým pobytem,islám,Karlovy Vary
946319818,51,28.0,554961,2021,Počet obyvatel s obvyklým pobytem,buddhismus,Karlovy Vary
946790619,1,29.0,554961,2021,Počet obyvatel s obvyklým pobytem,hinduismus,Karlovy Vary
946601022,2,30.0,554961,2021,Počet obyvatel s obvyklým pobytem,"Mezinárodní společnost pro vědomí Krišny, Hnutí Hare Krišna",Karlovy Vary
946501016,68,31.0,554961,2021,Počet obyvatel s obvyklým pobytem,Jiné,Karlovy Vary
946656250,2,32.0,554961,2021,Počet obyvatel s obvyklým pobytem,Buddhismus Diamantové cesty linie Karma Kagjü,Karlovy Vary
946434090,0,33.0,554961,2021,Počet obyvatel s obvyklým pobytem,Církev živého Boha,Karlovy Vary
946434089,3,34.0,554961,2021,Počet obyvatel s obvyklým pobytem,Česká hinduistická náboženská společnost,Karlovy Vary
946656401,2,35.0,554961,2021,Počet obyvatel s obvyklým pobytem,Obec křesťanů v České republice,Karlovy Vary
946373377,38,36.0,554961,2021,Počet obyvatel s obvyklým pobytem,"Ruská pravoslavná církev, podvorje patriarchy moskevského a celé Rusi v České republice",Karlovy Vary
946601329,0,37.0,554961,2021,Počet obyvatel s obvyklým pobytem,Ústředí muslimských obcí,Karlovy Vary
946721820,0,38.0,554961,2021,Počet obyvatel s obvyklým pobytem,Višva Nirmala Dharma,Karlovy Vary
946790791,0,39.0,554961,2021,Počet obyvatel s obvyklým pobytem,Hnutí Grálu,Karlovy Vary
946501319,0,40.0,554961,2021,Počet obyvatel s obvyklým pobytem,Hnutí Nového věku (New Age),Karlovy Vary
946500449,679,41.0,554961,2021,Počet obyvatel s obvyklým pobytem,katolická víra (katolík),Karlovy Vary
946790482,69,42.0,554961,2021,Počet obyvatel s obvyklým pobytem,"protestantská/evangelická víra (protestant, evangelík)",Karlovy Vary
946790483,217,43.0,554961,2021,Počet obyvatel s obvyklým pobytem,křesťanství,Karlovy Vary
946656252,14,44.0,554961,2021,Počet obyvatel s obvyklým pobytem,judaismus,Karlovy Vary
946501462,0,45.0,554961,2021,Počet obyvatel s obvyklým pobytem,esoterismus,Karlovy Vary
946720910,3988,46.0,554961,2021,Počet obyvatel s obvyklým pobytem,věřící - nehlásící se k žádné církvi ani náboženské společnosti,Karlovy Vary
946373066,0,47.0,554961,2021,Počet obyvatel s obvyklým pobytem,Církev Nová naděje,Karlovy Vary
946790618,0,48.0,554961,2021,Počet obyvatel s obvyklým pobytem,Církev Slovo života,Karlovy Vary
946433600,72,49.0,554961,2021,Počet obyvatel s obvyklým pobytem,Jedi,Karlovy Vary
946433774,10,50.0,554961,2021,Počet obyvatel s obvyklým pobytem,ateismus,Karlovy Vary
946319819,18,51.0,554961,2021,Počet obyvatel s obvyklým pobytem,pohanství,Karlovy Vary
946373376,0,52.0,554961,2021,Počet obyvatel s obvyklým pobytem,Sith,Karlovy Vary
946501176,0,53.0,554961,2021,Počet obyvatel s obvyklým pobytem,Církev víry,Karlovy Vary
946320115,0,54.0,554961,2021,Počet obyvatel s obvyklým pobytem,Církev Svatého Řehoře Osvětitele,Karlovy Vary
946721984,3,55.0,554961,2021,Počet obyvatel s obvyklým pobytem,Armáda spásy - církev,Karlovy Vary
946790949,0,56.0,554961,2021,Počet obyvatel s obvyklým pobytem,Církev Nový Život,Karlovy Vary
946656545,4,57.0,554961,2021,Počet obyvatel s obvyklým pobytem,Církev Oáza,Karlovy Vary
946433942,18,58.0,554961,2021,Počet obyvatel s obvyklým pobytem,Společenství Josefa Zezulky,Karlovy Vary
946656544,0,59.0,554961,2021,Počet obyvatel s obvyklým pobytem,Kněžské bratrstvo svatého Pia X.,Karlovy Vary
946790948,0,60.0,554961,2021,Počet obyvatel s obvyklým pobytem,Théravádový buddhismus,Karlovy Vary
946721823,1,61.0,554961,2021,Počet obyvatel s obvyklým pobytem,Společenství baptistických sborů,Karlovy Vary
946320116,0,62.0,554961,2021,Počet obyvatel s obvyklým pobytem,Společenství buddhismu v České republice,Karlovy Vary
946501463,0,63.0,554961,2021,Počet obyvatel s obvyklým pobytem,Křesťanská církev essejská,Karlovy Vary
946790485,10,64.0,554961,2021,Počet obyvatel s obvyklým pobytem,pastafariánství,Karlovy Vary
946501014,4,66.0,554961,2021,Počet obyvatel s obvyklým pobytem,satanismus,Karlovy Vary
946433945,0,67.0,554961,2021,Počet obyvatel s obvyklým pobytem,agnosticismus,Karlovy Vary
946790950,0,68.0,554961,2021,Počet obyvatel s obvyklým pobytem,animismus,Karlovy Vary
946656251,0,69.0,554961,2021,Počet obyvatel s obvyklým pobytem,Bahá'í víra,Karlovy Vary
946656546,0,70.0,554961,2021,Počet obyvatel s obvyklým pobytem,deismus,Karlovy Vary
946320113,0,71.0,554961,2021,Počet obyvatel s obvyklým pobytem,konfucianismus,Karlovy Vary
946433944,0,72.0,554961,2021,Počet obyvatel s obvyklým pobytem,sikhismus,Karlovy Vary
946790794,2,73.0,554961,2021,Počet obyvatel s obvyklým pobytem,šintoismus,Karlovy Vary
946433776,0,74.0,554961,2021,Počet obyvatel s obvyklým pobytem,taoismus,Karlovy Vary
946433599,0,75.0,554961,2021,Počet obyvatel s obvyklým pobytem,zoroastrismus,Karlovy Vary
946656402,0,76.0,554961,2021,Počet obyvatel s obvyklým pobytem,druidismus,Karlovy Vary
946790793,2,77.0,554961,2021,Počet obyvatel s obvyklým pobytem,rastafariánství,Karlovy Vary
946432992,252,78.0,554961,2021,Počet obyvatel s obvyklým pobytem,věřící - hlásící se k církvi - název neuveden,Karlovy Vary
946432991,13364,99.0,554961,2021,Počet obyvatel s obvyklým pobytem,Neuvedeno,Karlovy Vary
946655602,48397,1.0,555134,2021,Počet obyvatel s obvyklým pobytem,Bez náboženské víry,Pardubice
946500705,22,2.0,555134,2021,Počet obyvatel s obvyklým pobytem,Apoštolská církev,Pardubice
946500560,25,3.0,555134,2021,Počet obyvatel s obvyklým pobytem,Bratrská jednota baptistů,Pardubice
946789980,39,4.0,555134,2021,Počet obyvatel s obvyklým pobytem,Církev adventistů sedmého dne,Pardubice
946500702,216,5.0,555134,2021,Počet obyvatel s obvyklým pobytem,Církev bratrská,Pardubice
946500561,210,6.0,555134,2021,Počet obyvatel s obvyklým pobytem,Církev československá husitská,Pardubice
946319339,5,7.0,555134,2021,Počet obyvatel s obvyklým pobytem,Církev Ježíše Krista Svatých posledních dnů v České republice,Pardubice
946655603,96,8.0,555134,2021,Počet obyvatel s obvyklým pobytem,Církev řeckokatolická,Pardubice
946600399,3067,9.0,555134,2021,Počet obyvatel s obvyklým pobytem,Církev římskokatolická,Pardubice
946319171,302,10.0,555134,2021,Počet obyvatel s obvyklým pobytem,Českobratrská církev evangelická,Pardubice
946500709,11,11.0,555134,2021,Počet obyvatel s obvyklým pobytem,Evangelická církev augsburského vyznání v České republice,Pardubice
946600697,2,12.0,555134,2021,Počet obyvatel s obvyklým pobytem,Evangelická církev metodistická,Pardubice
946721171,0,13.0,555134,2021,Počet obyvatel s obvyklým pobytem,Federace židovských obcí v České republice,Pardubice
946655916,3,14.0,555134,2021,Počet obyvatel s obvyklým pobytem,Jednota bratrská,Pardubice
946319489,4,15.0,555134,2021,Počet obyvatel s obvyklým pobytem,Křesťanské sbory,Pardubice
946319491,0,16.0,555134,2021,Počet obyvatel s obvyklým pobytem,Luterská evangelická církev a. v. v České republice,Pardubice
946655918,2,17.0,555134,2021,Počet obyvatel s obvyklým pobytem,Náboženská společnost českých unitářů,Pardubice
946790131,110,18.0,555134,2021,Počet obyvatel s obvyklým pobytem,Náboženská společnost Svědkové Jehovovi,Pardubice
946372730,0,19.0,555134,2021,Počet obyvatel s obvyklým pobytem,Novoapoštolská církev v ČR,Pardubice
946721018,387,20.0,555134,2021,Počet obyvatel s obvyklým pobytem,Pravoslavná církev v českých zemích,Pardubice
946319342,0,21.0,555134,2021,Počet obyvatel s obvyklým pobytem,Slezská církev evangelická augsburského vyznání,Pardubice
946500828,1,22.0,555134,2021,Počet obyvatel s obvyklým pobytem,Starokatolická církev v ČR,Pardubice
946721514,1,23.0,555134,2021,Počet obyvatel s obvyklým pobytem,Církev sjednocení (moonisté),Pardubice
946655915,2,24.0,555134,2021,Počet obyvatel s obvyklým pobytem,Scientologická církev,Pardubice
946600541,8,25.0,555134,2021,Počet obyvatel s obvyklým pobytem,Církev Křesťanská společenství,Pardubice
946790451,1,26.0,555134,2021,Počet obyvatel s obvyklým pobytem,Anglikánská církev,Pardubice
946790133,29,27.0,555134,2021,Počet obyvatel s obvyklým pobytem,islám,Pardubice
946655753,48,28.0,555134,2021,Počet obyvatel s obvyklým pobytem,buddhismus,Pardubice
946500706,4,29.0,555134,2021,Počet obyvatel s obvyklým pobytem,hinduismus,Pardubice
946372734,0,30.0,555134,2021,Počet obyvatel s obvyklým pobytem,"Mezinárodní společnost pro vědomí Krišny, Hnutí Hare Krišna",Pardubice
946600540,191,31.0,555134,2021,Počet obyvatel s obvyklým pobytem,Jiné,Pardubice
946790132,3,32.0,555134,2021,Počet obyvatel s obvyklým pobytem,Buddhismus Diamantové cesty linie Karma Kagjü,Pardubice
946433565,0,33.0,555134,2021,Počet obyvatel s obvyklým pobytem,Církev živého Boha,Pardubice
946790449,0,34.0,555134,2021,Počet obyvatel s obvyklým pobytem,Česká hinduistická náboženská společnost,Pardubice
946790293,17,35.0,555134,2021,Počet obyvatel s obvyklým pobytem,Obec křesťanů v České republice,Pardubice
946500829,5,36.0,555134,2021,Počet obyvatel s obvyklým pobytem,"Ruská pravoslavná církev, podvorje patriarchy moskevského a celé Rusi v České republice",Pardubice
946790452,2,37.0,555134,2021,Počet obyvatel s obvyklým pobytem,Ústředí muslimských obcí,Pardubice
946372735,2,38.0,555134,2021,Počet obyvatel s obvyklým pobytem,Višva Nirmala Dharma,Pardubice
946372907,1,39.0,555134,2021,Počet obyvatel s obvyklým pobytem,Hnutí Grálu,Pardubice
946372909,0,40.0,555134,2021,Počet obyvatel s obvyklým pobytem,Hnutí Nového věku (New Age),Pardubice
946500558,1567,41.0,555134,2021,Počet obyvatel s obvyklým pobytem,katolická víra (katolík),Pardubice
946600400,180,42.0,555134,2021,Počet obyvatel s obvyklým pobytem,"protestantská/evangelická víra (protestant, evangelík)",Pardubice
946655604,354,43.0,555134,2021,Počet obyvatel s obvyklým pobytem,křesťanství,Pardubice
946600542,4,44.0,555134,2021,Počet obyvatel s obvyklým pobytem,judaismus,Pardubice
946373036,0,45.0,555134,2021,Počet obyvatel s obvyklým pobytem,esoterismus,Pardubice
946500556,7436,46.0,555134,2021,Počet obyvatel s obvyklým pobytem,věřící - nehlásící se k žádné církvi ani náboženské společnosti,Pardubice
946655752,0,47.0,555134,2021,Počet obyvatel s obvyklým pobytem,Církev Nová naděje,Pardubice
946319340,28,48.0,555134,2021,Počet obyvatel s obvyklým pobytem,Církev Slovo života,Pardubice
946500559,248,49.0,555134,2021,Počet obyvatel s obvyklým pobytem,Jedi,Pardubice
946372731,5,50.0,555134,2021,Počet obyvatel s obvyklým pobytem,ateismus,Pardubice
946500704,37,51.0,555134,2021,Počet obyvatel s obvyklým pobytem,pohanství,Pardubice
946655914,8,52.0,555134,2021,Počet obyvatel s obvyklým pobytem,Sith,Pardubice
946600543,0,53.0,555134,2021,Počet obyvatel s obvyklým pobytem,Církev víry,Pardubice
946373035,0,54.0,555134,2021,Počet obyvatel s obvyklým pobytem,Církev Svatého Řehoře Osvětitele,Pardubice
946721342,0,55.0,555134,2021,Počet obyvatel s obvyklým pobytem,Armáda spásy - církev,Pardubice
946373033,0,56.0,555134,2021,Počet obyvatel s obvyklým pobytem,Církev Nový Život,Pardubice
946790450,0,57.0,555134,2021,Počet obyvatel s obvyklým pobytem,Církev Oáza,Pardubice
946372906,5,58.0,555134,2021,Počet obyvatel s obvyklým pobytem,Společenství Josefa Zezulky,Pardubice
946319637,0,59.0,555134,2021,Počet obyvatel s obvyklým pobytem,Kněžské bratrstvo svatého Pia X.,Pardubice
946373032,5,60.0,555134,2021,Počet obyvatel s obvyklým pobytem,Théravádový buddhismus,Pardubice
946372908,0,61.0,555134,2021,Počet obyvatel s obvyklým pobytem,Společenství baptistických sborů,Pardubice
946721515,0,62.0,555134,2021,Počet obyvatel s obvyklým pobytem,Společenství buddhismu v České republice,Pardubice
946319638,0,63.0,555134,2021,Počet obyvatel s obvyklým pobytem,Křesťanská církev essejská,Pardubice
946500703,30,64.0,555134,2021,Počet obyvatel s obvyklým pobytem,pastafariánství,Pardubice
946721019,9,66.0,555134,2021,Počet obyvatel s obvyklým pobytem,satanismus,Pardubice
946721341,0,67.0,555134,2021,Počet obyvatel s obvyklým pobytem,agnosticismus,Pardubice
946790453,0,68.0,555134,2021,Počet obyvatel s obvyklým pobytem,animismus,Pardubice
946372729,0,69.0,555134,2021,Počet obyvatel s obvyklým pobytem,Bahá'í víra,Pardubice
946373034,0,70.0,555134,2021,Počet obyvatel s obvyklým pobytem,deismus,Pardubice
946656075,0,71.0,555134,2021,Počet obyvatel s obvyklým pobytem,konfucianismus,Pardubice
946600698,0,72.0,555134,2021,Počet obyvatel s obvyklým pobytem,sikhismus,Pardubice
946655917,0,73.0,555134,2021,Počet obyvatel s obvyklým pobytem,šintoismus,Pardubice
946721173,0,74.0,555134,2021,Počet obyvatel s obvyklým pobytem,taoismus,Pardubice
946319172,0,75.0,555134,2021,Počet obyvatel s obvyklým pobytem,zoroastrismus,Pardubice
946790294,1,76.0,555134,2021,Počet obyvatel s obvyklým pobytem,druidismus,Pardubice
946319492,2,77.0,555134,2021,Počet obyvatel s obvyklým pobytem,rastafariánství,Pardubice
946500557,315,78.0,555134,2021,Počet obyvatel s obvyklým pobytem,věřící - hlásící se k církvi - název neuveden,Pardubice
946433110,26172,99.0,555134,2021,Počet obyvatel s obvyklým pobytem,Neuvedeno,Pardubice
946594123,58708,1.0,563889,2021,Počet obyvatel s obvyklým pobytem,Bez náboženské víry,Liberec
946366402,61,2.0,563889,2021,Počet obyvatel s obvyklým pobytem,Apoštolská církev,Liberec
946714774,52,3.0,563889,2021,Počet obyvatel s obvyklým pobytem,Bratrská jednota baptistů,Liberec
946783679,118,4.0,563889,2021,Počet obyvatel s obvyklým pobytem,Církev adventistů sedmého dne,Liberec
946366401,139,5.0,563889,2021,Počet obyvatel s obvyklým pobytem,Církev bratrská,Liberec
946426958,282,6.0,563889,2021,Počet obyvatel s obvyklým pobytem,Církev československá husitská,Liberec
946714933,9,7.0,563889,2021,Počet obyvatel s obvyklým pobytem,Církev Ježíše Krista Svatých posledních dnů v České republice,Liberec
946540668,168,8.0,563889,2021,Počet obyvatel s obvyklým pobytem,Církev řeckokatolická,Liberec
946594122,2406,9.0,563889,2021,Počet obyvatel s obvyklým pobytem,Církev římskokatolická,Liberec
946714626,208,10.0,563889,2021,Počet obyvatel s obvyklým pobytem,Českobratrská církev evangelická,Liberec
946649409,11,11.0,563889,2021,Počet obyvatel s obvyklým pobytem,Evangelická církev augsburského vyznání v České republice,Liberec
946783818,2,12.0,563889,2021,Počet obyvatel s obvyklým pobytem,Evangelická církev metodistická,Liberec
946313258,5,13.0,563889,2021,Počet obyvatel s obvyklým pobytem,Federace židovských obcí v České republice,Liberec
946418248,169,14.0,563889,2021,Počet obyvatel s obvyklým pobytem,Jednota bratrská,Liberec
946427118,5,15.0,563889,2021,Počet obyvatel s obvyklým pobytem,Křesťanské sbory,Liberec
946540979,3,16.0,563889,2021,Počet obyvatel s obvyklým pobytem,Luterská evangelická církev a. v. v České republice,Liberec
946532000,6,17.0,563889,2021,Počet obyvatel s obvyklým pobytem,Náboženská společnost českých unitářů,Liberec
946714776,97,18.0,563889,2021,Počet obyvatel s obvyklým pobytem,Náboženská společnost Svědkové Jehovovi,Liberec
946426960,10,19.0,563889,2021,Počet obyvatel s obvyklým pobytem,Novoapoštolská církev v ČR,Liberec
946783507,727,20.0,563889,2021,Počet obyvatel s obvyklým pobytem,Pravoslavná církev v českých zemích,Liberec
946714934,5,21.0,563889,2021,Počet obyvatel s obvyklým pobytem,Slezská církev evangelická augsburského vyznání,Liberec
946783817,19,22.0,563889,2021,Počet obyvatel s obvyklým pobytem,Starokatolická církev v ČR,Liberec
946532001,3,23.0,563889,2021,Počet obyvatel s obvyklým pobytem,Církev sjednocení (moonisté),Liberec
946775072,3,24.0,563889,2021,Počet obyvatel s obvyklým pobytem,Scientologická církev,Liberec
946366404,18,25.0,563889,2021,Počet obyvatel s obvyklým pobytem,Církev Křesťanská společenství,Liberec
946706137,0,26.0,563889,2021,Počet obyvatel s obvyklým pobytem,Anglikánská církev,Liberec
946714778,51,27.0,563889,2021,Počet obyvatel s obvyklým pobytem,islám,Liberec
946714777,40,28.0,563889,2021,Počet obyvatel s obvyklým pobytem,buddhismus,Liberec
946594437,8,29.0,563889,2021,Počet obyvatel s obvyklým pobytem,hinduismus,Liberec
946366571,2,30.0,563889,2021,Počet obyvatel s obvyklým pobytem,"Mezinárodní společnost pro vědomí Krišny, Hnutí Hare Krišna",Liberec
946426959,248,31.0,563889,2021,Počet obyvatel s obvyklým pobytem,Jiné,Liberec
946594284,2,32.0,563889,2021,Počet obyvatel s obvyklým pobytem,Buddhismus Diamantové cesty linie Karma Kagjü,Liberec
946418250,0,33.0,563889,2021,Počet obyvatel s obvyklým pobytem,Církev živého Boha,Liberec
946573380,1,34.0,563889,2021,Počet obyvatel s obvyklým pobytem,Česká hinduistická náboženská společnost,Liberec
946418249,0,35.0,563889,2021,Počet obyvatel s obvyklým pobytem,Obec křesťanů v České republice,Liberec
946706135,3,36.0,563889,2021,Počet obyvatel s obvyklým pobytem,"Ruská pravoslavná církev, podvorje patriarchy moskevského a celé Rusi v České republice",Liberec
946573381,1,37.0,563889,2021,Počet obyvatel s obvyklým pobytem,Ústředí muslimských obcí,Liberec
946313260,4,38.0,563889,2021,Počet obyvatel s obvyklým pobytem,Višva Nirmala Dharma,Liberec
946418247,8,39.0,563889,2021,Počet obyvatel s obvyklým pobytem,Hnutí Grálu,Liberec
946775074,0,40.0,563889,2021,Počet obyvatel s obvyklým pobytem,Hnutí Nového věku (New Age),Liberec
946312952,1238,41.0,563889,2021,Počet obyvatel s obvyklým pobytem,katolická víra (katolík),Liberec
946714625,132,42.0,563889,2021,Počet obyvatel s obvyklým pobytem,"protestantská/evangelická víra (protestant, evangelík)",Liberec
946366251,344,43.0,563889,2021,Počet obyvatel s obvyklým pobytem,křesťanství,Liberec
946783815,10,44.0,563889,2021,Počet obyvatel s obvyklým pobytem,judaismus,Liberec
946775077,0,45.0,563889,2021,Počet obyvatel s obvyklým pobytem,esoterismus,Liberec
946649101,7831,46.0,563889,2021,Počet obyvatel s obvyklým pobytem,věřící - nehlásící se k žádné církvi ani náboženské společnosti,Liberec
946714775,0,47.0,563889,2021,Počet obyvatel s obvyklým pobytem,Církev Nová naděje,Liberec
946540977,0,48.0,563889,2021,Počet obyvatel s obvyklým pobytem,Církev Slovo života,Liberec
946649248,280,49.0,563889,2021,Počet obyvatel s obvyklým pobytem,Jedi,Liberec
946783816,4,50.0,563889,2021,Počet obyvatel s obvyklým pobytem,ateismus,Liberec
946594285,19,51.0,563889,2021,Počet obyvatel s obvyklým pobytem,pohanství,Liberec
946540980,5,52.0,563889,2021,Počet obyvatel s obvyklým pobytem,Sith,Liberec
946313259,7,53.0,563889,2021,Počet obyvatel s obvyklým pobytem,Církev víry,Liberec
946357862,0,54.0,563889,2021,Počet obyvatel s obvyklým pobytem,Církev Svatého Řehoře Osvětitele,Liberec
946304452,0,55.0,563889,2021,Počet obyvatel s obvyklým pobytem,Armáda spásy - církev,Liberec
946357861,0,56.0,563889,2021,Počet obyvatel s obvyklým pobytem,Církev Nový Život,Liberec
946418251,0,57.0,563889,2021,Počet obyvatel s obvyklým pobytem,Církev Oáza,Liberec
946313261,2,58.0,563889,2021,Počet obyvatel s obvyklým pobytem,Společenství Josefa Zezulky,Liberec
946706136,1,59.0,563889,2021,Počet obyvatel s obvyklým pobytem,Kněžské bratrstvo svatého Pia X.,Liberec
946304453,0,60.0,563889,2021,Počet obyvatel s obvyklým pobytem,Théravádový buddhismus,Liberec
946706134,1,61.0,563889,2021,Počet obyvatel s obvyklým pobytem,Společenství baptistických sborů,Liberec
946706138,0,62.0,563889,2021,Počet obyvatel s obvyklým pobytem,Společenství buddhismu v České republice,Liberec
946532003,0,63.0,563889,2021,Počet obyvatel s obvyklým pobytem,Křesťanská církev essejská,Liberec
946313107,41,64.0,563889,2021,Počet obyvatel s obvyklým pobytem,pastafariánství,Liberec
946366400,10,66.0,563889,2021,Počet obyvatel s obvyklým pobytem,satanismus,Liberec
946775075,0,67.0,563889,2021,Počet obyvatel s obvyklým pobytem,agnosticismus,Liberec
946418252,0,68.0,563889,2021,Počet obyvatel s obvyklým pobytem,animismus,Liberec
946366403,7,69.0,563889,2021,Počet obyvatel s obvyklým pobytem,Bahá'í víra,Liberec
946532002,0,70.0,563889,2021,Počet obyvatel s obvyklým pobytem,deismus,Liberec
946775076,0,71.0,563889,2021,Počet obyvatel s obvyklým pobytem,konfucianismus,Liberec
946775073,1,72.0,563889,2021,Počet obyvatel s obvyklým pobytem,sikhismus,Liberec
946573379,2,73.0,563889,2021,Počet obyvatel s obvyklým pobytem,šintoismus,Liberec
946540978,1,74.0,563889,2021,Počet obyvatel s obvyklým pobytem,taoismus,Liberec
946649247,1,75.0,563889,2021,Počet obyvatel s obvyklým pobytem,zoroastrismus,Liberec
946573378,2,76.0,563889,2021,Počet obyvatel s obvyklým pobytem,druidismus,Liberec
946573377,0,77.0,563889,2021,Počet obyvatel s obvyklým pobytem,rastafariánství,Liberec
946366250,385,78.0,563889,2021,Počet obyvatel s obvyklým pobytem,věřící - hlásící se k církvi - název neuveden,Liberec
946649100,30414,99.0,563889,2021,Počet obyvatel s obvyklým pobytem,Neuvedeno,Liberec
946643799,50095,1.0,569810,2021,Počet obyvatel s obvyklým pobytem,Bez náboženské víry,Hradec Králové
946361226,89,2.0,569810,2021,Počet obyvatel s obvyklým pobytem,Apoštolská církev,Hradec Králové
946421686,6,3.0,569810,2021,Počet obyvatel s obvyklým pobytem,Bratrská jednota baptistů,Hradec Králové
946421687,46,4.0,569810,2021,Počet obyvatel s obvyklým pobytem,Církev adventistů sedmého dne,Hradec Králové
946709553,113,5.0,569810,2021,Počet obyvatel s obvyklým pobytem,Církev bratrská,Hradec Králové
946778474,333,6.0,569810,2021,Počet obyvatel s obvyklým pobytem,Církev československá husitská,Hradec Králové
946709689,10,7.0,569810,2021,Počet obyvatel s obvyklým pobytem,Církev Ježíše Krista Svatých posledních dnů v České republice,Hradec Králové
946307695,86,8.0,569810,2021,Počet obyvatel s obvyklým pobytem,Církev řeckokatolická,Hradec Králové
946535258,3955,9.0,569810,2021,Počet obyvatel s obvyklým pobytem,Církev římskokatolická,Hradec Králové
946535259,291,10.0,569810,2021,Počet obyvatel s obvyklým pobytem,Českobratrská církev evangelická,Hradec Králové
946361361,7,11.0,569810,2021,Počet obyvatel s obvyklým pobytem,Evangelická církev augsburského vyznání v České republice,Hradec Králové
946576891,1,12.0,569810,2021,Počet obyvatel s obvyklým pobytem,Evangelická církev metodistická,Hradec Králové
946361358,5,13.0,569810,2021,Počet obyvatel s obvyklým pobytem,Federace židovských obcí v České republice,Hradec Králové
946709834,7,14.0,569810,2021,Počet obyvatel s obvyklým pobytem,Jednota bratrská,Hradec Králové
946421850,3,15.0,569810,2021,Počet obyvatel s obvyklým pobytem,Křesťanské sbory,Hradec Králové
946535618,3,16.0,569810,2021,Počet obyvatel s obvyklým pobytem,Luterská evangelická církev a. v. v České republice,Hradec Králové
946644255,0,17.0,569810,2021,Počet obyvatel s obvyklým pobytem,Náboženská společnost českých unitářů,Hradec Králové
946709554,87,18.0,569810,2021,Počet obyvatel s obvyklým pobytem,Náboženská společnost Svědkové Jehovovi,Hradec Králové
946576890,0,19.0,569810,2021,Počet obyvatel s obvyklým pobytem,Novoapoštolská církev v ČR,Hradec Králové
946576561,369,20.0,569810,2021,Počet obyvatel s obvyklým pobytem,Pravoslavná církev v českých zemích,Hradec Králové
946709692,0,21.0,569810,2021,Počet obyvatel s obvyklým pobytem,Slezská církev evangelická augsburského vyznání,Hradec Králové
946308019,2,22.0,569810,2021,Počet obyvatel s obvyklým pobytem,Starokatolická církev v ČR,Hradec Králové
946308167,0,23.0,569810,2021,Počet obyvatel s obvyklým pobytem,Církev sjednocení (moonisté),Hradec Králové
946308164,1,24.0,569810,2021,Počet obyvatel s obvyklým pobytem,Scientologická církev,Hradec Králové
946709556,58,25.0,569810,2021,Počet obyvatel s obvyklým pobytem,Církev Křesťanská společenství,Hradec Králové
946535773,3,26.0,569810,2021,Počet obyvatel s obvyklým pobytem,Anglikánská církev,Hradec Králové
946307865,65,27.0,569810,2021,Počet obyvatel s obvyklým pobytem,islám,Hradec Králové
946421688,43,28.0,569810,2021,Počet obyvatel s obvyklým pobytem,buddhismus,Hradec Králové
946535617,14,29.0,569810,2021,Počet obyvatel s obvyklým pobytem,hinduismus,Hradec Králové
946644097,2,30.0,569810,2021,Počet obyvatel s obvyklým pobytem,"Mezinárodní společnost pro vědomí Krišny, Hnutí Hare Krišna",Hradec Králové
946576720,219,31.0,569810,2021,Počet obyvatel s obvyklým pobytem,Jiné,Hradec Králové
946643947,9,32.0,569810,2021,Počet obyvatel s obvyklým pobytem,Buddhismus Diamantové cesty linie Karma Kagjü,Hradec Králové
946644256,5,33.0,569810,2021,Počet obyvatel s obvyklým pobytem,Církev živého Boha,Hradec Králové
946422010,0,34.0,569810,2021,Počet obyvatel s obvyklým pobytem,Česká hinduistická náboženská společnost,Hradec Králové
946644252,1,35.0,569810,2021,Počet obyvatel s obvyklým pobytem,Obec křesťanů v České republice,Hradec Králové
946644253,0,36.0,569810,2021,Počet obyvatel s obvyklým pobytem,"Ruská pravoslavná církev, podvorje patriarchy moskevského a celé Rusi v České republice",Hradec Králové
946644258,5,37.0,569810,2021,Počet obyvatel s obvyklým pobytem,Ústředí muslimských obcí,Hradec Králové
946361362,3,38.0,569810,2021,Počet obyvatel s obvyklým pobytem,Višva Nirmala Dharma,Hradec Králové
946576892,0,39.0,569810,2021,Počet obyvatel s obvyklým pobytem,Hnutí Grálu,Hradec Králové
946308165,0,40.0,569810,2021,Počet obyvatel s obvyklým pobytem,Hnutí Nového věku (New Age),Hradec Králové
946576560,1633,41.0,569810,2021,Počet obyvatel s obvyklým pobytem,katolická víra (katolík),Hradec Králové
946361091,198,42.0,569810,2021,Počet obyvatel s obvyklým pobytem,"protestantská/evangelická víra (protestant, evangelík)",Hradec Králové
946778473,377,43.0,569810,2021,Počet obyvatel s obvyklým pobytem,křesťanství,Hradec Králové
946709690,4,44.0,569810,2021,Počet obyvatel s obvyklým pobytem,judaismus,Hradec Králové
946577066,0,45.0,569810,2021,Počet obyvatel s obvyklým pobytem,esoterismus,Hradec Králové
946576559,7748,46.0,569810,2021,Počet obyvatel s obvyklým pobytem,věřící - nehlásící se k žádné církvi ani náboženské společnosti,Hradec Králové
946778475,0,47.0,569810,2021,Počet obyvatel s obvyklým pobytem,Církev Nová naděje,Hradec Králové
946709691,0,48.0,569810,2021,Počet obyvatel s obvyklým pobytem,Církev Slovo života,Hradec Králové
946709552,240,49.0,569810,2021,Počet obyvatel s obvyklým pobytem,Jedi,Hradec Králové
946361360,3,50.0,569810,2021,Počet obyvatel s obvyklým pobytem,ateismus,Hradec Králové
946778476,21,51.0,569810,2021,Počet obyvatel s obvyklým pobytem,pohanství,Hradec Králové
946535619,5,52.0,569810,2021,Počet obyvatel s obvyklým pobytem,Sith,Hradec Králové
946361359,30,53.0,569810,2021,Počet obyvatel s obvyklým pobytem,Církev víry,Hradec Králové
946308168,0,54.0,569810,2021,Počet obyvatel s obvyklým pobytem,Církev Svatého Řehoře Osvětitele,Hradec Králové
946709836,0,55.0,569810,2021,Počet obyvatel s obvyklým pobytem,Armáda spásy - církev,Hradec Králové
946644259,0,56.0,569810,2021,Počet obyvatel s obvyklým pobytem,Církev Nový Život,Hradec Králové
946422011,0,57.0,569810,2021,Počet obyvatel s obvyklým pobytem,Církev Oáza,Hradec Králové
946644099,8,58.0,569810,2021,Počet obyvatel s obvyklým pobytem,Společenství Josefa Zezulky,Hradec Králové
946778765,0,59.0,569810,2021,Počet obyvatel s obvyklým pobytem,Kněžské bratrstvo svatého Pia X.,Hradec Králové
946535774,0,60.0,569810,2021,Počet obyvatel s obvyklým pobytem,Théravádový buddhismus,Hradec Králové
946422009,0,61.0,569810,2021,Počet obyvatel s obvyklým pobytem,Společenství baptistických sborů,Hradec Králové
946308305,0,62.0,569810,2021,Počet obyvatel s obvyklým pobytem,Společenství buddhismu v České republice,Hradec Králové
946308304,0,63.0,569810,2021,Počet obyvatel s obvyklým pobytem,Křesťanská církev essejská,Hradec Králové
946709555,22,64.0,569810,2021,Počet obyvatel s obvyklým pobytem,pastafariánství,Hradec Králové
946535446,15,66.0,569810,2021,Počet obyvatel s obvyklým pobytem,satanismus,Hradec Králové
946308166,1,67.0,569810,2021,Počet obyvatel s obvyklým pobytem,agnosticismus,Hradec Králové
946535775,1,68.0,569810,2021,Počet obyvatel s obvyklým pobytem,animismus,Hradec Králové
946535447,3,69.0,569810,2021,Počet obyvatel s obvyklým pobytem,Bahá'í víra,Hradec Králové
946361518,0,70.0,569810,2021,Počet obyvatel s obvyklým pobytem,deismus,Hradec Králové
946778766,0,71.0,569810,2021,Počet obyvatel s obvyklým pobytem,konfucianismus,Hradec Králové
946709835,0,72.0,569810,2021,Počet obyvatel s obvyklým pobytem,sikhismus,Hradec Králové
946577063,2,73.0,569810,2021,Počet obyvatel s obvyklým pobytem,šintoismus,Hradec Králové
946644098,0,74.0,569810,2021,Počet obyvatel s obvyklým pobytem,taoismus,Hradec Králové
946709551,2,75.0,569810,2021,Počet obyvatel s obvyklým pobytem,zoroastrismus,Hradec Králové
946361516,3,76.0,569810,2021,Počet obyvatel s obvyklým pobytem,druidismus,Hradec Králové
946644254,3,77.0,569810,2021,Počet obyvatel s obvyklým pobytem,rastafariánství,Hradec Králové
946421542,367,78.0,569810,2021,Počet obyvatel s obvyklým pobytem,věřící - hlásící se k církvi - název neuveden,Hradec Králové
946421541,26027,99.0,569810,2021,Počet obyvatel s obvyklým pobytem,Neuvedeno,Hradec Králové
946659070,178718,1.0,582786,2021,Počet obyvatel s obvyklým pobytem,Bez náboženské víry,Brno
946504351,257,2.0,582786,2021,Počet obyvatel s obvyklým pobytem,Apoštolská církev,Brno
946726217,314,3.0,582786,2021,Počet obyvatel s obvyklým pobytem,Bratrská jednota baptistů,Brno
946726218,359,4.0,582786,2021,Počet obyvatel s obvyklým pobytem,Církev adventistů sedmého dne,Brno
946659195,528,5.0,582786,2021,Počet obyvatel s obvyklým pobytem,Církev bratrská,Brno
946436846,1150,6.0,582786,2021,Počet obyvatel s obvyklým pobytem,Církev československá husitská,Brno
946659338,68,7.0,582786,2021,Počet obyvatel s obvyklým pobytem,Církev Ježíše Krista Svatých posledních dnů v České republice,Brno
946726216,341,8.0,582786,2021,Počet obyvatel s obvyklým pobytem,Církev řeckokatolická,Brno
946603977,35690,9.0,582786,2021,Počet obyvatel s obvyklým pobytem,Církev římskokatolická,Brno
946436845,1489,10.0,582786,2021,Počet obyvatel s obvyklým pobytem,Českobratrská církev evangelická,Brno
946726373,127,11.0,582786,2021,Počet obyvatel s obvyklým pobytem,Evangelická církev augsburského vyznání v České republice,Brno
946601933,30,12.0,582786,2021,Počet obyvatel s obvyklým pobytem,Evangelická církev metodistická,Brno
946726371,29,13.0,582786,2021,Počet obyvatel s obvyklým pobytem,Federace židovských obcí v České republice,Brno
946320690,10,14.0,582786,2021,Počet obyvatel s obvyklým pobytem,Jednota bratrská,Brno
946659339,110,15.0,582786,2021,Počet obyvatel s obvyklým pobytem,Křesťanské sbory,Brno
946601932,23,16.0,582786,2021,Počet obyvatel s obvyklým pobytem,Luterská evangelická církev a. v. v České republice,Brno
946320693,17,17.0,582786,2021,Počet obyvatel s obvyklým pobytem,Náboženská společnost českých unitářů,Brno
946323059,490,18.0,582786,2021,Počet obyvatel s obvyklým pobytem,Náboženská společnost Svědkové Jehovovi,Brno
946323208,3,19.0,582786,2021,Počet obyvatel s obvyklým pobytem,Novoapoštolská církev v ČR,Brno
946504202,2179,20.0,582786,2021,Počet obyvatel s obvyklým pobytem,Pravoslavná církev v českých zemích,Brno
946376462,54,21.0,582786,2021,Počet obyvatel s obvyklým pobytem,Slezská církev evangelická augsburského vyznání,Brno
946374118,20,22.0,582786,2021,Počet obyvatel s obvyklým pobytem,Starokatolická církev v ČR,Brno
946321019,1,23.0,582786,2021,Počet obyvatel s obvyklým pobytem,Církev sjednocení (moonisté),Brno
946657083,52,24.0,582786,2021,Počet obyvatel s obvyklým pobytem,Scientologická církev,Brno
946659337,88,25.0,582786,2021,Počet obyvatel s obvyklým pobytem,Církev Křesťanská společenství,Brno
946321017,19,26.0,582786,2021,Počet obyvatel s obvyklým pobytem,Anglikánská církev,Brno
946504205,479,27.0,582786,2021,Počet obyvatel s obvyklým pobytem,islám,Brno
946604118,289,28.0,582786,2021,Počet obyvatel s obvyklým pobytem,buddhismus,Brno
946504353,116,29.0,582786,2021,Počet obyvatel s obvyklým pobytem,hinduismus,Brno
946376461,34,30.0,582786,2021,Počet obyvatel s obvyklým pobytem,"Mezinárodní společnost pro vědomí Krišny, Hnutí Hare Krišna",Brno
946323060,1468,31.0,582786,2021,Počet obyvatel s obvyklým pobytem,Jiné,Brno
946793710,91,32.0,582786,2021,Počet obyvatel s obvyklým pobytem,Buddhismus Diamantové cesty linie Karma Kagjü,Brno
946434850,1,33.0,582786,2021,Počet obyvatel s obvyklým pobytem,Církev živého Boha,Brno
946722533,2,34.0,582786,2021,Počet obyvatel s obvyklým pobytem,Česká hinduistická náboženská společnost,Brno
946320692,22,35.0,582786,2021,Počet obyvatel s obvyklým pobytem,Obec křesťanů v České republice,Brno
946601934,16,36.0,582786,2021,Počet obyvatel s obvyklým pobytem,"Ruská pravoslavná církev, podvorje patriarchy moskevského a celé Rusi v České republice",Brno
946321018,17,37.0,582786,2021,Počet obyvatel s obvyklým pobytem,Ústředí muslimských obcí,Brno
946376463,29,38.0,582786,2021,Počet obyvatel s obvyklým pobytem,Višva Nirmala Dharma,Brno
946722531,18,39.0,582786,2021,Počet obyvatel s obvyklým pobytem,Hnutí Grálu,Brno
946374120,1,40.0,582786,2021,Počet obyvatel s obvyklým pobytem,Hnutí Nového věku (New Age),Brno
946504040,9522,41.0,582786,2021,Počet obyvatel s obvyklým pobytem,katolická víra (katolík),Brno
946604115,1011,42.0,582786,2021,Počet obyvatel s obvyklým pobytem,"protestantská/evangelická víra (protestant, evangelík)",Brno
946504203,3133,43.0,582786,2021,Počet obyvatel s obvyklým pobytem,křesťanství,Brno
946504352,71,44.0,582786,2021,Počet obyvatel s obvyklým pobytem,judaismus,Brno
946602096,2,45.0,582786,2021,Počet obyvatel s obvyklým pobytem,esoterismus,Brno
946603978,47799,46.0,582786,2021,Počet obyvatel s obvyklým pobytem,věřící - nehlásící se k žádné církvi ani náboženské společnosti,Brno
946436847,1,47.0,582786,2021,Počet obyvatel s obvyklým pobytem,Církev Nová naděje,Brno
946323209,100,48.0,582786,2021,Počet obyvatel s obvyklým pobytem,Církev Slovo života,Brno
946604116,1356,49.0,582786,2021,Počet obyvatel s obvyklým pobytem,Jedi,Brno
946726372,25,50.0,582786,2021,Počet obyvatel s obvyklým pobytem,ateismus,Brno
946659336,209,51.0,582786,2021,Počet obyvatel s obvyklým pobytem,pohanství,Brno
946374119,31,52.0,582786,2021,Počet obyvatel s obvyklým pobytem,Sith,Brno
946793862,32,53.0,582786,2021,Počet obyvatel s obvyklým pobytem,Církev víry,Brno
946374270,0,54.0,582786,2021,Počet obyvatel s obvyklým pobytem,Církev Svatého Řehoře Osvětitele,Brno
946657085,11,55.0,582786,2021,Počet obyvatel s obvyklým pobytem,Armáda spásy - církev,Brno
946791703,1,56.0,582786,2021,Počet obyvatel s obvyklým pobytem,Církev Nový Život,Brno
946321016,4,57.0,582786,2021,Počet obyvatel s obvyklým pobytem,Církev Oáza,Brno
946504354,74,58.0,582786,2021,Počet obyvatel s obvyklým pobytem,Společenství Josefa Zezulky,Brno
946321015,19,59.0,582786,2021,Počet obyvatel s obvyklým pobytem,Kněžské bratrstvo svatého Pia X.,Brno
946602095,3,60.0,582786,2021,Počet obyvatel s obvyklým pobytem,Théravádový buddhismus,Brno
946320691,4,61.0,582786,2021,Počet obyvatel s obvyklým pobytem,Společenství baptistických sborů,Brno
946374271,0,62.0,582786,2021,Počet obyvatel s obvyklým pobytem,Společenství buddhismu v České republice,Brno
946657250,0,63.0,582786,2021,Počet obyvatel s obvyklým pobytem,Křesťanská církev essejská,Brno
946504204,216,64.0,582786,2021,Počet obyvatel s obvyklým pobytem,pastafariánství,Brno
946604117,50,66.0,582786,2021,Počet obyvatel s obvyklým pobytem,satanismus,Brno
946601936,9,67.0,582786,2021,Počet obyvatel s obvyklým pobytem,agnosticismus,Brno
946434851,2,68.0,582786,2021,Počet obyvatel s obvyklým pobytem,animismus,Brno
946323207,19,69.0,582786,2021,Počet obyvatel s obvyklým pobytem,Bahá'í víra,Brno
946374268,0,70.0,582786,2021,Počet obyvatel s obvyklým pobytem,deismus,Brno
946657248,0,71.0,582786,2021,Počet obyvatel s obvyklým pobytem,konfucianismus,Brno
946791547,8,72.0,582786,2021,Počet obyvatel s obvyklým pobytem,sikhismus,Brno
946657084,8,73.0,582786,2021,Počet obyvatel s obvyklým pobytem,šintoismus,Brno
946793863,11,74.0,582786,2021,Počet obyvatel s obvyklým pobytem,taoismus,Brno
946323058,6,75.0,582786,2021,Počet obyvatel s obvyklým pobytem,zoroastrismus,Brno
946601935,9,76.0,582786,2021,Počet obyvatel s obvyklým pobytem,druidismus,Brno
946722532,8,77.0,582786,2021,Počet obyvatel s obvyklým pobytem,rastafariánství,Brno
946436689,2831,78.0,582786,2021,Počet obyvatel s obvyklým pobytem,věřící - hlásící se k církvi - název neuveden,Brno
946504039,107176,99.0,582786,2021,Počet obyvatel s obvyklým pobytem,Neuvedeno,Brno
946437409,31532,1.0,585068,2021,Počet obyvatel s obvyklým pobytem,Bez náboženské víry,Zlín
946437566,43,2.0,585068,2021,Počet obyvatel s obvyklým pobytem,Apoštolská církev,Zlín
946376895,59,3.0,585068,2021,Počet obyvatel s obvyklým pobytem,Bratrská jednota baptistů,Zlín
946504787,70,4.0,585068,2021,Počet obyvatel s obvyklým pobytem,Církev adventistů sedmého dne,Zlín
946794308,83,5.0,585068,2021,Počet obyvatel s obvyklým pobytem,Církev bratrská,Zlín
946504786,119,6.0,585068,2021,Počet obyvatel s obvyklým pobytem,Církev československá husitská,Zlín
946726970,14,7.0,585068,2021,Počet obyvatel s obvyklým pobytem,Církev Ježíše Krista Svatých posledních dnů v České republice,Zlín
946794306,17,8.0,585068,2021,Počet obyvatel s obvyklým pobytem,Církev řeckokatolická,Zlín
946794303,7974,9.0,585068,2021,Počet obyvatel s obvyklým pobytem,Církev římskokatolická,Zlín
946504784,266,10.0,585068,2021,Počet obyvatel s obvyklým pobytem,Českobratrská církev evangelická,Zlín
946504931,8,11.0,585068,2021,Počet obyvatel s obvyklým pobytem,Evangelická církev augsburského vyznání v České republice,Zlín
946794632,0,12.0,585068,2021,Počet obyvatel s obvyklým pobytem,Evangelická církev metodistická,Zlín
946659941,1,13.0,585068,2021,Počet obyvatel s obvyklým pobytem,Federace židovských obcí v České republice,Zlín
946727115,2,14.0,585068,2021,Počet obyvatel s obvyklým pobytem,Jednota bratrská,Zlín
946377035,29,15.0,585068,2021,Počet obyvatel s obvyklým pobytem,Křesťanské sbory,Zlín
946794631,0,16.0,585068,2021,Počet obyvatel s obvyklým pobytem,Luterská evangelická církev a. v. v České republice,Zlín
946323944,0,17.0,585068,2021,Počet obyvatel s obvyklým pobytem,Náboženská společnost českých unitářů,Zlín
946504788,91,18.0,585068,2021,Počet obyvatel s obvyklým pobytem,Náboženská společnost Svědkové Jehovovi,Zlín
946504930,0,19.0,585068,2021,Počet obyvatel s obvyklým pobytem,Novoapoštolská církev v ČR,Zlín
946794305,108,20.0,585068,2021,Počet obyvatel s obvyklým pobytem,Pravoslavná církev v českých zemích,Zlín
946437723,3,21.0,585068,2021,Počet obyvatel s obvyklým pobytem,Slezská církev evangelická augsburského vyznání,Zlín
946505073,21,22.0,585068,2021,Počet obyvatel s obvyklým pobytem,Starokatolická církev v ČR,Zlín
946377340,0,23.0,585068,2021,Počet obyvatel s obvyklým pobytem,Církev sjednocení (moonisté),Zlín
946660104,0,24.0,585068,2021,Počet obyvatel s obvyklým pobytem,Scientologická církev,Zlín
946504929,7,25.0,585068,2021,Počet obyvatel s obvyklým pobytem,Církev Křesťanská společenství,Zlín
946377339,0,26.0,585068,2021,Počet obyvatel s obvyklým pobytem,Anglikánská církev,Zlín
946437565,29,27.0,585068,2021,Počet obyvatel s obvyklým pobytem,islám,Zlín
946604834,29,28.0,585068,2021,Počet obyvatel s obvyklým pobytem,buddhismus,Zlín
946794468,13,29.0,585068,2021,Počet obyvatel s obvyklým pobytem,hinduismus,Zlín
946604836,0,30.0,585068,2021,Počet obyvatel s obvyklým pobytem,"Mezinárodní společnost pro vědomí Krišny, Hnutí Hare Krišna",Zlín
946604833,184,31.0,585068,2021,Počet obyvatel s obvyklým pobytem,Jiné,Zlín
946604835,4,32.0,585068,2021,Počet obyvatel s obvyklým pobytem,Buddhismus Diamantové cesty linie Karma Kagjü,Zlín
946377172,0,33.0,585068,2021,Počet obyvatel s obvyklým pobytem,Církev živého Boha,Zlín
946660106,1,34.0,585068,2021,Počet obyvatel s obvyklým pobytem,Česká hinduistická náboženská společnost,Zlín
946727118,2,35.0,585068,2021,Počet obyvatel s obvyklým pobytem,Obec křesťanů v České republice,Zlín
946377171,1,36.0,585068,2021,Počet obyvatel s obvyklým pobytem,"Ruská pravoslavná církev, podvorje patriarchy moskevského a celé Rusi v České republice",Zlín
946727276,0,37.0,585068,2021,Počet obyvatel s obvyklým pobytem,Ústředí muslimských obcí,Zlín
946323941,2,38.0,585068,2021,Počet obyvatel s obvyklým pobytem,Višva Nirmala Dharma,Zlín
946505074,16,39.0,585068,2021,Počet obyvatel s obvyklým pobytem,Hnutí Grálu,Zlín
946505078,0,40.0,585068,2021,Počet obyvatel s obvyklým pobytem,Hnutí Nového věku (New Age),Zlín
946323635,2449,41.0,585068,2021,Počet obyvatel s obvyklým pobytem,katolická víra (katolík),Zlín
946726798,272,42.0,585068,2021,Počet obyvatel s obvyklým pobytem,"protestantská/evangelická víra (protestant, evangelík)",Zlín
946794307,792,43.0,585068,2021,Počet obyvatel s obvyklým pobytem,křesťanství,Zlín
946794467,6,44.0,585068,2021,Počet obyvatel s obvyklým pobytem,judaismus,Zlín
946377343,0,45.0,585068,2021,Počet obyvatel s obvyklým pobytem,esoterismus,Zlín
946437410,8924,46.0,585068,2021,Počet obyvatel s obvyklým pobytem,věřící - nehlásící se k žádné církvi ani náboženské společnosti,Zlín
946726799,0,47.0,585068,2021,Počet obyvatel s obvyklým pobytem,Církev Nová naděje,Zlín
946437567,0,48.0,585068,2021,Počet obyvatel s obvyklým pobytem,Církev Slovo života,Zlín
946504785,162,49.0,585068,2021,Počet obyvatel s obvyklým pobytem,Jedi,Zlín
946377034,3,50.0,585068,2021,Počet obyvatel s obvyklým pobytem,ateismus,Zlín
946504928,22,51.0,585068,2021,Počet obyvatel s obvyklým pobytem,pohanství,Zlín
946604996,3,52.0,585068,2021,Počet obyvatel s obvyklým pobytem,Sith,Zlín
946377033,1,53.0,585068,2021,Počet obyvatel s obvyklým pobytem,Církev víry,Zlín
946377342,0,54.0,585068,2021,Počet obyvatel s obvyklým pobytem,Církev Svatého Řehoře Osvětitele,Zlín
946437728,0,55.0,585068,2021,Počet obyvatel s obvyklým pobytem,Armáda spásy - církev,Zlín
946727278,0,56.0,585068,2021,Počet obyvatel s obvyklým pobytem,Církev Nový Život,Zlín
946377173,3,57.0,585068,2021,Počet obyvatel s obvyklým pobytem,Církev Oáza,Zlín
946505072,5,58.0,585068,2021,Počet obyvatel s obvyklým pobytem,Společenství Josefa Zezulky,Zlín
946505079,0,59.0,585068,2021,Počet obyvatel s obvyklým pobytem,Kněžské bratrstvo svatého Pia X.,Zlín
946727277,0,60.0,585068,2021,Počet obyvatel s obvyklým pobytem,Théravádový buddhismus,Zlín
946437724,0,61.0,585068,2021,Počet obyvatel s obvyklým pobytem,Společenství baptistických sborů,Zlín
946794794,0,62.0,585068,2021,Počet obyvatel s obvyklým pobytem,Společenství buddhismu v České republice,Zlín
946794793,0,63.0,585068,2021,Počet obyvatel s obvyklým pobytem,Křesťanská církev essejská,Zlín
946794466,20,64.0,585068,2021,Počet obyvatel s obvyklým pobytem,pastafariánství,Zlín
946437412,4,66.0,585068,2021,Počet obyvatel s obvyklým pobytem,satanismus,Zlín
946605001,1,67.0,585068,2021,Počet obyvatel s obvyklým pobytem,agnosticismus,Zlín
946324092,0,68.0,585068,2021,Počet obyvatel s obvyklým pobytem,animismus,Zlín
946377032,1,69.0,585068,2021,Počet obyvatel s obvyklým pobytem,Bahá'í víra,Zlín
946377341,0,70.0,585068,2021,Počet obyvatel s obvyklým pobytem,deismus,Zlín
946505229,0,71.0,585068,2021,Počet obyvatel s obvyklým pobytem,konfucianismus,Zlín
946660105,0,72.0,585068,2021,Počet obyvatel s obvyklým pobytem,sikhismus,Zlín
946505077,1,73.0,585068,2021,Počet obyvatel s obvyklým pobytem,šintoismus,Zlín
946377169,1,74.0,585068,2021,Počet obyvatel s obvyklým pobytem,taoismus,Zlín
946437411,1,75.0,585068,2021,Počet obyvatel s obvyklým pobytem,zoroastrismus,Zlín
946605000,0,76.0,585068,2021,Počet obyvatel s obvyklým pobytem,druidismus,Zlín
946437727,1,77.0,585068,2021,Počet obyvatel s obvyklým pobytem,rastafariánství,Zlín
946794304,590,78.0,585068,2021,Počet obyvatel s obvyklým pobytem,věřící - hlásící se k církvi - název neuveden,Zlín
946376762,20188,99.0,585068,2021,Počet obyvatel s obvyklým pobytem,Neuvedeno,Zlín
946794237,24553,1.0,586846,2021,Počet obyvatel s obvyklým pobytem,Bez náboženské víry,Jihlava
946726891,26,2.0,586846,2021,Počet obyvatel s obvyklým pobytem,Apoštolská církev,Jihlava
946726889,0,3.0,586846,2021,Počet obyvatel s obvyklým pobytem,Bratrská jednota baptistů,Jihlava
946604750,26,4.0,586846,2021,Počet obyvatel s obvyklým pobytem,Církev adventistů sedmého dne,Jihlava
946794392,2,5.0,586846,2021,Počet obyvatel s obvyklým pobytem,Církev bratrská,Jihlava
946376960,64,6.0,586846,2021,Počet obyvatel s obvyklým pobytem,Církev československá husitská,Jihlava
946726894,12,7.0,586846,2021,Počet obyvatel s obvyklým pobytem,Církev Ježíše Krista Svatých posledních dnů v České republice,Jihlava
946659697,18,8.0,586846,2021,Počet obyvatel s obvyklým pobytem,Církev řeckokatolická,Jihlava
946794236,3331,9.0,586846,2021,Počet obyvatel s obvyklým pobytem,Církev římskokatolická,Jihlava
946794238,143,10.0,586846,2021,Počet obyvatel s obvyklým pobytem,Českobratrská církev evangelická,Jihlava
946727038,4,11.0,586846,2021,Počet obyvatel s obvyklým pobytem,Evangelická církev augsburského vyznání v České republice,Jihlava
946604917,51,12.0,586846,2021,Počet obyvatel s obvyklým pobytem,Evangelická církev metodistická,Jihlava
946323708,1,13.0,586846,2021,Počet obyvatel s obvyklým pobytem,Federace židovských obcí v České republice,Jihlava
946323876,0,14.0,586846,2021,Počet obyvatel s obvyklým pobytem,Jednota bratrská,Jihlava
946437651,1,15.0,586846,2021,Počet obyvatel s obvyklým pobytem,Křesťanské sbory,Jihlava
946377091,0,16.0,586846,2021,Počet obyvatel s obvyklým pobytem,Luterská evangelická církev a. v. v České republice,Jihlava
946437786,0,17.0,586846,2021,Počet obyvatel s obvyklým pobytem,Náboženská společnost českých unitářů,Jihlava
946794393,84,18.0,586846,2021,Počet obyvatel s obvyklým pobytem,Náboženská společnost Svědkové Jehovovi,Jihlava
946726893,0,19.0,586846,2021,Počet obyvatel s obvyklým pobytem,Novoapoštolská církev v ČR,Jihlava
946504713,250,20.0,586846,2021,Počet obyvatel s obvyklým pobytem,Pravoslavná církev v českých zemích,Jihlava
946604915,0,21.0,586846,2021,Počet obyvatel s obvyklým pobytem,Slezská církev evangelická augsburského vyznání,Jihlava
946660015,3,22.0,586846,2021,Počet obyvatel s obvyklým pobytem,Starokatolická církev v ČR,Jihlava
946660180,0,23.0,586846,2021,Počet obyvatel s obvyklým pobytem,Církev sjednocení (moonisté),Jihlava
946604918,1,24.0,586846,2021,Počet obyvatel s obvyklým pobytem,Scientologická církev,Jihlava
946376961,2,25.0,586846,2021,Počet obyvatel s obvyklým pobytem,Církev Křesťanská společenství,Jihlava
946324018,0,26.0,586846,2021,Počet obyvatel s obvyklým pobytem,Anglikánská církev,Jihlava
946794395,8,27.0,586846,2021,Počet obyvatel s obvyklým pobytem,islám,Jihlava
946437485,25,28.0,586846,2021,Počet obyvatel s obvyklým pobytem,buddhismus,Jihlava
946660014,0,29.0,586846,2021,Počet obyvatel s obvyklým pobytem,hinduismus,Jihlava
946323875,2,30.0,586846,2021,Počet obyvatel s obvyklým pobytem,"Mezinárodní společnost pro vědomí Krišny, Hnutí Hare Krišna",Jihlava
946659861,86,31.0,586846,2021,Počet obyvatel s obvyklým pobytem,Jiné,Jihlava
946794394,4,32.0,586846,2021,Počet obyvatel s obvyklým pobytem,Buddhismus Diamantové cesty linie Karma Kagjü,Jihlava
946324017,0,33.0,586846,2021,Počet obyvatel s obvyklým pobytem,Církev živého Boha,Jihlava
946660179,0,34.0,586846,2021,Počet obyvatel s obvyklým pobytem,Česká hinduistická náboženská společnost,Jihlava
946324016,0,35.0,586846,2021,Počet obyvatel s obvyklým pobytem,Obec křesťanů v České republice,Jihlava
946660177,2,36.0,586846,2021,Počet obyvatel s obvyklým pobytem,"Ruská pravoslavná církev, podvorje patriarchy moskevského a celé Rusi v České republice",Jihlava
946324019,0,37.0,586846,2021,Počet obyvatel s obvyklým pobytem,Ústředí muslimských obcí,Jihlava
946727039,2,38.0,586846,2021,Počet obyvatel s obvyklým pobytem,Višva Nirmala Dharma,Jihlava
946727041,0,39.0,586846,2021,Počet obyvatel s obvyklým pobytem,Hnutí Grálu,Jihlava
946505150,0,40.0,586846,2021,Počet obyvatel s obvyklým pobytem,Hnutí Nového věku (New Age),Jihlava
946437331,992,41.0,586846,2021,Počet obyvatel s obvyklým pobytem,katolická víra (katolík),Jihlava
946376830,56,42.0,586846,2021,Počet obyvatel s obvyklým pobytem,"protestantská/evangelická víra (protestant, evangelík)",Jihlava
946323568,303,43.0,586846,2021,Počet obyvatel s obvyklým pobytem,křesťanství,Jihlava
946794396,1,44.0,586846,2021,Počet obyvatel s obvyklým pobytem,judaismus,Jihlava
946605202,0,45.0,586846,2021,Počet obyvatel s obvyklým pobytem,esoterismus,Jihlava
946323567,4888,46.0,586846,2021,Počet obyvatel s obvyklým pobytem,věřící - nehlásící se k žádné církvi ani náboženské společnosti,Jihlava
946726890,7,47.0,586846,2021,Počet obyvatel s obvyklým pobytem,Církev Nová naděje,Jihlava
946323874,5,48.0,586846,2021,Počet obyvatel s obvyklým pobytem,Církev Slovo života,Jihlava
946323570,119,49.0,586846,2021,Počet obyvatel s obvyklým pobytem,Jedi,Jihlava
946437650,1,50.0,586846,2021,Počet obyvatel s obvyklým pobytem,ateismus,Jihlava
946323707,27,51.0,586846,2021,Počet obyvatel s obvyklým pobytem,pohanství,Jihlava
946727040,1,52.0,586846,2021,Počet obyvatel s obvyklým pobytem,Sith,Jihlava
946377089,0,53.0,586846,2021,Počet obyvatel s obvyklým pobytem,Církev víry,Jihlava
946377411,0,54.0,586846,2021,Počet obyvatel s obvyklým pobytem,Církev Svatého Řehoře Osvětitele,Jihlava
946437788,0,55.0,586846,2021,Počet obyvatel s obvyklým pobytem,Armáda spásy - církev,Jihlava
946794875,0,56.0,586846,2021,Počet obyvatel s obvyklým pobytem,Církev Nový Život,Jihlava
946505151,1,57.0,586846,2021,Počet obyvatel s obvyklým pobytem,Církev Oáza,Jihlava
946604916,1,58.0,586846,2021,Počet obyvatel s obvyklým pobytem,Společenství Josefa Zezulky,Jihlava
946605061,0,59.0,586846,2021,Počet obyvatel s obvyklým pobytem,Kněžské bratrstvo svatého Pia X.,Jihlava
946377248,0,60.0,586846,2021,Počet obyvatel s obvyklým pobytem,Théravádový buddhismus,Jihlava
946377092,0,61.0,586846,2021,Počet obyvatel s obvyklým pobytem,Společenství baptistických sborů,Jihlava
946377412,0,62.0,586846,2021,Počet obyvatel s obvyklým pobytem,Společenství buddhismu v České republice,Jihlava
946794876,0,63.0,586846,2021,Počet obyvatel s obvyklým pobytem,Křesťanská církev essejská,Jihlava
946323706,13,64.0,586846,2021,Počet obyvatel s obvyklým pobytem,pastafariánství,Jihlava
946794391,2,66.0,586846,2021,Počet obyvatel s obvyklým pobytem,satanismus,Jihlava
946437787,5,67.0,586846,2021,Počet obyvatel s obvyklým pobytem,agnosticismus,Jihlava
946377410,0,68.0,586846,2021,Počet obyvatel s obvyklým pobytem,animismus,Jihlava
946726892,0,69.0,586846,2021,Počet obyvatel s obvyklým pobytem,Bahá'í víra,Jihlava
946605201,0,70.0,586846,2021,Počet obyvatel s obvyklým pobytem,deismus,Jihlava
946437789,0,71.0,586846,2021,Počet obyvatel s obvyklým pobytem,konfucianismus,Jihlava
946660178,0,72.0,586846,2021,Počet obyvatel s obvyklým pobytem,sikhismus,Jihlava
946505149,0,73.0,586846,2021,Počet obyvatel s obvyklým pobytem,šintoismus,Jihlava
946377090,1,74.0,586846,2021,Počet obyvatel s obvyklým pobytem,taoismus,Jihlava
946323569,0,75.0,586846,2021,Počet obyvatel s obvyklým pobytem,zoroastrismus,Jihlava
946437785,0,76.0,586846,2021,Počet obyvatel s obvyklým pobytem,druidismus,Jihlava
946727187,0,77.0,586846,2021,Počet obyvatel s obvyklým pobytem,rastafariánství,Jihlava
946504712,280,78.0,586846,2021,Počet obyvatel s obvyklým pobytem,věřící - hlásící se k církvi - název neuveden,Jihlava
946376829,15119,99.0,586846,2021,Počet obyvatel s obvyklým pobytem,Neuvedeno,Jihlava
